id,school,mascot,abbreviation,alternateNames1,alternateNames2,conference,division,classification,color,alternateColor,logos1,logos2,twitter,stadiumName,city,state,draftable,prevYearRecord,prevYearAts,predictedWins,confOdds,retStarters,sosRank,powerRank,prevYearPoints,philMetrics,philMetricDraftRank
2005,Air Force,Falcons,AFA,AFA,Air Force,Mountain West,,fbs,#004a7b,#ffffff,http://a.espncdn.com/i/teamlogos/ncaa/500/2005.png,http://a.espncdn.com/i/teamlogos/ncaa/500-dark/2005.png,@AF_Football,Falcon Stadium,Colorado Springs,CO,TRUE,5-7-0,5-7-0,6,4.90%,56.00%,86,93,0,-8,91
2006,Akron,Zips,AKR,AKR,Akron,Mid-American,,fbs,#00285e,#84754e,http://a.espncdn.com/i/teamlogos/ncaa/500/2006.png,http://a.espncdn.com/i/teamlogos/ncaa/500-dark/2006.png,@ZipsFB,InfoCision Stadium,Akron,OH,TRUE,6-6-0,6-6-0,4.4,1.30%,49.00%,135,133,-1,-30,131
333,Alabama,Crimson Tide,ALA,ALA,Alabama,SEC,,fbs,#9e1632,#ffffff,http://a.espncdn.com/i/teamlogos/ncaa/500/333.png,http://a.espncdn.com/i/teamlogos/ncaa/500-dark/333.png,@AlabamaFTBL,Bryant-Denny Stadium,Tuscaloosa,AL,TRUE,7-6-0,7-6-0,9.2,14.20%,63.00%,3,5,25,38,4
2026,App State,Mountaineers,APP,Appalachian State,APP,Sun Belt,East,fbs,#ffcc00,#222222,http://a.espncdn.com/i/teamlogos/ncaa/500/2026.png,http://a.espncdn.com/i/teamlogos/ncaa/500-dark/2026.png,@AppState_FB,Kidd Brewer Stadium,Boone,NC,TRUE,4-6-1,4-6-1,5.6,3.40%,43.00%,98,103,2,-14,103
12,Arizona,Wildcats,ARIZ,ARIZ,Arizona,Big 12,,fbs,#0c234b,#ab0520,http://a.espncdn.com/i/teamlogos/ncaa/500/12.png,http://a.espncdn.com/i/teamlogos/ncaa/500-dark/12.png,@ArizonaFBall,Arizona Stadium,Tucson,AZ,TRUE,2-10-0,2-10-0,5.2,1.30%,66.00%,60,66,-31,-4,79
9,Arizona State,Sun Devils,ASU,ASU,Arizona St,Big 12,,fbs,#8e0c3a,#ffc72c,http://a.espncdn.com/i/teamlogos/ncaa/500/9.png,http://a.espncdn.com/i/teamlogos/ncaa/500-dark/9.png,@ASUFootball,Mountain America Stadium,Tempe,AZ,TRUE,12-2-0,12-2-0,8.1,11.60%,79.00%,42,27,47,30,19
8,Arkansas,Razorbacks,ARK,ARK,Arkansas,SEC,,fbs,#a41f35,#ffffff,http://a.espncdn.com/i/teamlogos/ncaa/500/8.png,http://a.espncdn.com/i/teamlogos/ncaa/500-dark/8.png,@RazorbackFB,Razorback Stadium,Fayetteville,AR,TRUE,8-5-0,8-5-0,5.5,0.40%,57.00%,17,33,7,18,37
2032,Arkansas State,Red Wolves,ARST,ARST,Arkansas St,Sun Belt,West,fbs,#e81018,#000000,http://a.espncdn.com/i/teamlogos/ncaa/500/2032.png,http://a.espncdn.com/i/teamlogos/ncaa/500-dark/2032.png,@AStateFB,Centennial Bank Stadium,Jonesboro,AR,TRUE,6-7-0,6-7-0,5.4,4.20%,46.00%,90,99,2,-12,99
349,Army,Black Knights,ARMY,ARMY,Army,American Athletic,,fbs,#ce9c00,#231f20,http://a.espncdn.com/i/teamlogos/ncaa/500/349.png,http://a.espncdn.com/i/teamlogos/ncaa/500-dark/349.png,@ArmyWP_Football,Michie Stadium,West Point,NY,TRUE,9-4-1,9-4-1,7.8,43.70%,51.00%,75,69,34,9,53
2,Auburn,Tigers,AUB,AUB,Auburn,SEC,,fbs,#002b5c,#f26522,http://a.espncdn.com/i/teamlogos/ncaa/500/2.png,http://a.espncdn.com/i/teamlogos/ncaa/500-dark/2.png,@AuburnFootball,Jordan-Hare Stadium,Auburn,AL,TRUE,6-6-0,6-6-0,7.9,3.80%,65.00%,14,16,8,28,22
2050,Ball State,Cardinals,BALL,BALL,Ball State,Mid-American,,fbs,#DA0000,#ffffff,http://a.espncdn.com/i/teamlogos/ncaa/500/2050.png,http://a.espncdn.com/i/teamlogos/ncaa/500-dark/2050.png,@BallStateFB,Scheumann Stadium,Muncie,IN,TRUE,7-5-0,7-5-0,3.5,0.60%,32.00%,133,135,-15,-36,134
239,Baylor,Bears,BAY,BAY,Baylor,Big 12,,fbs,#154734,#ffb81c,http://a.espncdn.com/i/teamlogos/ncaa/500/239.png,http://a.espncdn.com/i/teamlogos/ncaa/500-dark/239.png,@BUFootball,McLane Stadium,Waco,TX,TRUE,9-4-0,9-4-0,7.2,10.40%,68.00%,30,32,33,25,24
68,Boise State,Broncos,BOIS,BOIS,Boise St,Mountain West,,fbs,#0033a0,#fa4616,http://a.espncdn.com/i/teamlogos/ncaa/500/68.png,http://a.espncdn.com/i/teamlogos/ncaa/500-dark/68.png,@BroncoSportsFB,Albertsons Stadium,Boise,ID,TRUE,7-7-0,7-7-0,9.6,54.10%,69.00%,70,40,33,21,33
103,Boston College,Eagles,BC,BC,Boston College,ACC,,fbs,#8c2232,#dbcca6,http://a.espncdn.com/i/teamlogos/ncaa/500/103.png,http://a.espncdn.com/i/teamlogos/ncaa/500-dark/103.png,@BCFootball,"Alumni Stadium (Chestnut Hill, MA)",Chestnut Hill,MA,TRUE,8-4-1,8-4-1,5.3,1.00%,63.00%,45,57,37,14,45
189,Bowling Green,Falcons,BGSU,BGSU,BGSU,Mid-American,,fbs,#2b1000,#492000,http://a.espncdn.com/i/teamlogos/ncaa/500/189.png,http://a.espncdn.com/i/teamlogos/ncaa/500-dark/189.png,@BG_Football,Doyt L. Perry Stadium,Bowling Green,OH,TRUE,6-7-0,6-7-0,5.8,7.80%,38.00%,119,108,15,-17,107
2084,Buffalo,Bulls,BUF,BUF,Buffalo,Mid-American,,fbs,#041A9B,#ebebeb,http://a.espncdn.com/i/teamlogos/ncaa/500/2084.png,http://a.espncdn.com/i/teamlogos/ncaa/500-dark/2084.png,@UBFootball,UB Stadium,Amherst,NY,TRUE,8-5-0,8-5-0,7,12.50%,57.00%,124,101,45,-6,86
252,BYU,Cougars,BYU,Brigham Young,BYU,Big 12,,fbs,#003da5,#ffffff,http://a.espncdn.com/i/teamlogos/ncaa/500/252.png,http://a.espncdn.com/i/teamlogos/ncaa/500-dark/252.png,@BYUFootball,LaVell Edwards Stadium,Provo,UT,TRUE,8-4-1,8-4-1,7.8,7.90%,61.00%,54,36,38,21,32
25,California,Golden Bears,CAL,CAL,California,ACC,,fbs,#031522,#ffc423,http://a.espncdn.com/i/teamlogos/ncaa/500/25.png,http://a.espncdn.com/i/teamlogos/ncaa/500-dark/25.png,@CalFootball,California Memorial Stadium,Berkeley,CA,TRUE,6-7-0,6-7-0,5.9,0.70%,52.00%,64,62,3,2,68
2117,Central Michigan,Chippewas,CMU,CMU,C Michigan,Mid-American,,fbs,#6a0032,#ffc82e,http://a.espncdn.com/i/teamlogos/ncaa/500/2117.png,http://a.espncdn.com/i/teamlogos/ncaa/500-dark/2117.png,@CMU_Football,Kelly/Shorts Stadium,Mount Pleasant,MI,TRUE,5-6-1,5-6-1,5.1,4.20%,53.00%,128,124,-7,-26,123
2429,Charlotte,49ers,CLT,CLT,Charlotte,American Athletic,,fbs,#046A38,#B9975B,http://a.espncdn.com/i/teamlogos/ncaa/500/2429.png,http://a.espncdn.com/i/teamlogos/ncaa/500-dark/2429.png,@CharlotteFTBL,Jerry Richardson Stadium,Charlotte,NC,TRUE,6-6-0,6-6-0,3.1,0.00%,30.00%,106,128,-4,-28,127
2132,Cincinnati,Bearcats,CIN,CIN,Cincinnati,Big 12,,fbs,#E00122,#000000,http://a.espncdn.com/i/teamlogos/ncaa/500/2132.png,http://a.espncdn.com/i/teamlogos/ncaa/500-dark/2132.png,@GoBearcatsFB,Nippert Stadium,Cincinnati,OH,TRUE,4-7-1,4-7-1,6.3,3.00%,68.00%,55,56,1,7,59
228,Clemson,Tigers,CLEM,CLEM,Clemson,ACC,,fbs,#f56600,#522d80,http://a.espncdn.com/i/teamlogos/ncaa/500/228.png,http://a.espncdn.com/i/teamlogos/ncaa/500-dark/228.png,@ClemsonFB,"Memorial Stadium (Clemson, SC)",Clemson,SC,TRUE,6-8-0,6-8-0,9.5,35.90%,81.00%,12,7,16,37,6
324,Coastal Carolina,Chanticleers,CCU,CCU,Coastal Car,Sun Belt,East,fbs,#007073,#876447,http://a.espncdn.com/i/teamlogos/ncaa/500/324.png,http://a.espncdn.com/i/teamlogos/ncaa/500-dark/324.png,@CoastalFootball,Brooks Stadium (SC),Conway,SC,TRUE,5-8-0,5-8-0,5.1,3.30%,47.00%,89,102,-9,-15,104
38,Colorado,Buffaloes,COLO,COLO,Colorado,Big 12,,fbs,#CFB87C,#000000,http://a.espncdn.com/i/teamlogos/ncaa/500/38.png,http://a.espncdn.com/i/teamlogos/ncaa/500-dark/38.png,@CUBuffsFootball,Folsom Field,Boulder,CO,TRUE,9-4-0,9-4-0,6,2.90%,50.00%,53,54,48,15,43
36,Colorado State,Rams,CSU,CSU,Colorado St,Mountain West,,fbs,#1e4d2b,#c8c372,http://a.espncdn.com/i/teamlogos/ncaa/500/36.png,http://a.espncdn.com/i/teamlogos/ncaa/500-dark/36.png,@CSUFootball,Canvas Stadium,Fort Collins,CO,TRUE,7-5-1,7-5-1,5.9,3.90%,48.00%,92,96,15,-8,90
48,Delaware,Fightin' Blue Hens,DEL,DEL,Delaware,Conference USA,,fbs,#033594,#e8ce31,http://a.espncdn.com/i/teamlogos/ncaa/500/48.png,http://a.espncdn.com/i/teamlogos/ncaa/500-dark/48.png,@DelawareFB,Delaware Stadium,Newark,DE,TRUE,N/A,N/A,4.9,4.20%,65.00%,116,114,0,-20,110
150,Duke,Blue Devils,DUKE,DUKE,Duke,ACC,,fbs,#013088,#ffffff,http://a.espncdn.com/i/teamlogos/ncaa/500/150.png,http://a.espncdn.com/i/teamlogos/ncaa/500-dark/150.png,@DukeFootball,Wallace Wade Stadium,Durham,NC,TRUE,8-4-1,8-4-1,6.9,3.00%,58.00%,46,39,44,21,31
151,East Carolina,Pirates,ECU,ECU,East Carolina,American Athletic,,fbs,#4b1869,#f0907b,http://a.espncdn.com/i/teamlogos/ncaa/500/151.png,http://a.espncdn.com/i/teamlogos/ncaa/500-dark/151.png,@ECUPiratesFB,Dowdy-Ficklen Stadium,Greenville,NC,TRUE,7-5-1,7-5-1,6,0.00%,44.00%,83,89,9,-6,85
2199,Eastern Michigan,Eagles,EMU,EMU,E Michigan,Mid-American,,fbs,#00331b,#f0f0f0,http://a.espncdn.com/i/teamlogos/ncaa/500/2199.png,http://a.espncdn.com/i/teamlogos/ncaa/500-dark/2199.png,@EMUFB,Rynearson Stadium,Ypsilanti,MI,TRUE,7-5-0,7-5-0,4.6,2.90%,47.00%,125,125,-5,-27,124
57,Florida,Gators,FLA,FLA,Florida,SEC,,fbs,#0021a5,#fa4616,http://a.espncdn.com/i/teamlogos/ncaa/500/57.png,http://a.espncdn.com/i/teamlogos/ncaa/500-dark/57.png,@GatorsFB,Ben Hill Griffin Stadium,Gainesville,FL,TRUE,9-4-0,9-4-0,7,3.30%,66.00%,5,13,21,31,15
2226,Florida Atlantic,Owls,FAU,FAU,FAU,American Athletic,,fbs,#00447c,#d31245,http://a.espncdn.com/i/teamlogos/ncaa/500/2226.png,http://a.espncdn.com/i/teamlogos/ncaa/500-dark/2226.png,@FAUFootball,FAU Stadium,Boca Raton,FL,TRUE,4-8-0,4-8-0,4.4,0.00%,42.00%,108,112,-24,-26,121
2229,Florida International,Panthers,FIU,Florida Intl,FIU,Conference USA,,fbs,#001538,#c5960c,http://a.espncdn.com/i/teamlogos/ncaa/500/2229.png,http://a.espncdn.com/i/teamlogos/ncaa/500-dark/2229.png,@FIUFootball,FIU Stadium,Miami,FL,TRUE,8-4-0,8-4-0,5.2,4.60%,45.00%,121,113,-14,-25,116
52,Florida State,Seminoles,FSU,FSU,Florida St,ACC,,fbs,#782f40,#ceb888,http://a.espncdn.com/i/teamlogos/ncaa/500/52.png,http://a.espncdn.com/i/teamlogos/ncaa/500-dark/52.png,@FSUFootball,Doak Campbell Stadium,Tallahassee,FL,TRUE,2-8-2,2-8-2,6.8,3.40%,61.00%,41,37,-42,6,62
278,Fresno State,Bulldogs,FRES,FRES,Fresno St,Mountain West,,fbs,#db0032,#002e6d,http://a.espncdn.com/i/teamlogos/ncaa/500/278.png,http://a.espncdn.com/i/teamlogos/ncaa/500-dark/278.png,@FresnoStateFB,Valley Children's Stadium,Fresno,CA,TRUE,6-6-1,6-6-1,6.9,7.40%,40.00%,85,83,-1,-6,83
61,Georgia,Bulldogs,UGA,UGA,Georgia,SEC,,fbs,#ba0c2f,#ffffff,http://a.espncdn.com/i/teamlogos/ncaa/500/61.png,http://a.espncdn.com/i/teamlogos/ncaa/500-dark/61.png,@GeorgiaFootball,Sanford Stadium,Athens,GA,TRUE,4-10-0,4-10-0,9.5,19.10%,45.00%,2,3,8,34,8
290,Georgia Southern,Eagles,GASO,GASO,GA Southern,Sun Belt,East,fbs,#003775,#f0f0f0,http://a.espncdn.com/i/teamlogos/ncaa/500/290.png,http://a.espncdn.com/i/teamlogos/ncaa/500-dark/290.png,@GSAthletics_FB,Allen E. Paulson Stadium,Statesboro,GA,TRUE,8-4-1,8-4-1,7,10.10%,61.00%,84,82,32,3,66
2247,Georgia State,Panthers,GAST,GAST,Georgia St,Sun Belt,East,fbs,#1e539a,#ebebeb,http://a.espncdn.com/i/teamlogos/ncaa/500/2247.png,http://a.espncdn.com/i/teamlogos/ncaa/500-dark/2247.png,@GeorgiaStateFB,Center Parc Stadium,Atlanta,GA,TRUE,2-8-2,2-8-2,3.5,0.90%,46.00%,93,120,-23,-26,119
59,Georgia Tech,Yellow Jackets,GT,GT,Georgia Tech,ACC,,fbs,#003057,#b3a369,http://a.espncdn.com/i/teamlogos/ncaa/500/59.png,http://a.espncdn.com/i/teamlogos/ncaa/500-dark/59.png,@GeorgiaTechFB,Bobby Dodd Stadium,Atlanta,GA,TRUE,6-6-1,6-6-1,7.6,6.60%,64.00%,29,29,11,22,29
62,Hawai'i,Rainbow Warriors,HAW,HAW,Hawai'i,Mountain West,,fbs,#003420,#ffffff,http://a.espncdn.com/i/teamlogos/ncaa/500/62.png,http://a.espncdn.com/i/teamlogos/ncaa/500-dark/62.png,@HawaiiFootball,Clarence T.C. Ching Athletics Complex,Honolulu,HI,TRUE,7-5-0,7-5-0,6,3.00%,58.00%,103,97,1,-12,99
248,Houston,Cougars,HOU,HOU,Houston,Big 12,,fbs,#c92a39,#ffffff,http://a.espncdn.com/i/teamlogos/ncaa/500/248.png,http://a.espncdn.com/i/teamlogos/ncaa/500-dark/248.png,@UHCougarFB,TDECU Stadium,Houston,TX,TRUE,5-6-1,5-6-1,6.5,2.50%,65.00%,63,58,-5,4,63
356,Illinois,Fighting Illini,ILL,ILL,Illinois,Big Ten,,fbs,#ff5f05,#13294b,http://a.espncdn.com/i/teamlogos/ncaa/500/356.png,http://a.espncdn.com/i/teamlogos/ncaa/500-dark/356.png,@IlliniFootball,"Memorial Stadium (Champaign, IL)",Champaign,IL,TRUE,9-3-1,9-3-1,8,2.60%,76.00%,35,26,35,28,21
84,Indiana,Hoosiers,IU,IU,Indiana,Big Ten,,fbs,#990000,#edebeb,http://a.espncdn.com/i/teamlogos/ncaa/500/84.png,http://a.espncdn.com/i/teamlogos/ncaa/500-dark/84.png,@IndianaFootball,"Memorial Stadium (Bloomington, IN)",Bloomington,IN,TRUE,9-4-0,9-4-0,8.1,2.10%,61.00%,31,23,43,30,18
2294,Iowa,Hawkeyes,IOWA,IOWA,Iowa,Big Ten,,fbs,#000000,#FFCD00,http://a.espncdn.com/i/teamlogos/ncaa/500/2294.png,http://a.espncdn.com/i/teamlogos/ncaa/500-dark/2294.png,@HawkeyeFootball,Kinnick Stadium,Iowa City,IA,TRUE,6-6-1,6-6-1,6.9,1.70%,57.00%,23,25,25,25,25
66,Iowa State,Cyclones,ISU,ISU,Iowa State,Big 12,,fbs,#822433,#fdca2f,http://a.espncdn.com/i/teamlogos/ncaa/500/66.png,http://a.espncdn.com/i/teamlogos/ncaa/500-dark/66.png,@CycloneFB,Jack Trice Stadium,Ames,IA,TRUE,8-6-0,8-6-0,7,6.70%,58.00%,49,41,20,16,42
55,Jacksonville State,Gamecocks,JVST,JVST,Jax State,Conference USA,,fbs,#b50500,#b5b7ba,http://a.espncdn.com/i/teamlogos/ncaa/500/55.png,http://a.espncdn.com/i/teamlogos/ncaa/500-dark/55.png,@JSUGamecocksFB,AmFirst Stadium,Jacksonville,AL,TRUE,8-6-0,8-6-0,6.2,9.80%,28.00%,114,104,27,-13,101
256,James Madison,Dukes,JMU,JMU,James Madison,Sun Belt,East,fbs,#450084,#b5a068,http://a.espncdn.com/i/teamlogos/ncaa/500/256.png,http://a.espncdn.com/i/teamlogos/ncaa/500-dark/256.png,@JMUFootball,Bridgeforth Stadium,Harrisonburg,VA,TRUE,7-6-0,7-6-0,7.9,23.50%,59.00%,72,64,18,8,55
2305,Kansas,Jayhawks,KU,KU,Kansas,Big 12,,fbs,#0051ba,#e8000d,http://a.espncdn.com/i/teamlogos/ncaa/500/2305.png,http://a.espncdn.com/i/teamlogos/ncaa/500-dark/2305.png,@KU_Football,Memorial Stadium,Lawrence,KS,TRUE,5-7-0,5-7-0,7,6.30%,54.00%,52,42,8,12,47
2306,Kansas State,Wildcats,KSU,KSU,Kansas St,Big 12,,fbs,#3c0969,#e2e3e4,http://a.espncdn.com/i/teamlogos/ncaa/500/2306.png,http://a.espncdn.com/i/teamlogos/ncaa/500-dark/2306.png,@KStateFB,Bill Snyder Family Stadium,Manhattan,KS,TRUE,4-9-0,4-9-0,8.1,14.80%,58.00%,36,24,11,22,29
338,Kennesaw State,Owls,KENN,Kennesaw,KENN,Conference USA,,fbs,#fdbb30,#000000,http://a.espncdn.com/i/teamlogos/ncaa/500/338.png,http://a.espncdn.com/i/teamlogos/ncaa/500-dark/338.png,@KennesawStFB,Fifth Third Stadium,Kennesaw,GA,TRUE,5-7-0,5-7-0,4,0.00%,73.00%,130,131,-15,-30,130
2309,Kent State,Golden Flashes,KENT,KENT,Kent State,Mid-American,,fbs,#003976,#efab00,http://a.espncdn.com/i/teamlogos/ncaa/500/2309.png,http://a.espncdn.com/i/teamlogos/ncaa/500-dark/2309.png,@KentStFootball,Dix Stadium,Kent,OH,TRUE,3-9-0,3-9-0,2.3,0.20%,43.00%,136,136,-45,-45,136
96,Kentucky,Wildcats,UK,UK,Kentucky,SEC,,fbs,#0033a0,#ffffff,http://a.espncdn.com/i/teamlogos/ncaa/500/96.png,http://a.espncdn.com/i/teamlogos/ncaa/500-dark/96.png,@UKFootball,Kroger Field,Lexington,KY,TRUE,7-5-0,7-5-0,4.7,0.20%,60.00%,22,46,-7,10,51
2335,Liberty,Flames,LIB,LIB,Liberty,Conference USA,,fbs,#071740,#a61f21,http://a.espncdn.com/i/teamlogos/ncaa/500/2335.png,http://a.espncdn.com/i/teamlogos/ncaa/500-dark/2335.png,@LibertyFootball,Williams Stadium (VA),Lynchburg,VA,TRUE,3-9-0,3-9-0,9,38.60%,66.00%,101,71,3,1,71
309,Louisiana,Ragin' Cajuns,UL,UL Lafayette,UL,Sun Belt,West,fbs,#ce181e,#ffffff,http://a.espncdn.com/i/teamlogos/ncaa/500/309.png,http://a.espncdn.com/i/teamlogos/ncaa/500-dark/309.png,@RaginCajunsFB,Cajun Field,Lafayette,LA,TRUE,7-7-0,7-7-0,7.4,12.00%,41.00%,81,76,33,4,64
2348,Louisiana Tech,Bulldogs,LT,LT,Louisiana Tech,Conference USA,,fbs,#002d65,#d3313a,http://a.espncdn.com/i/teamlogos/ncaa/500/2348.png,http://a.espncdn.com/i/teamlogos/ncaa/500-dark/2348.png,@LATechFB,Joe Aillet Stadium,Ruston,LA,TRUE,8-5-0,8-5-0,6,7.90%,48.00%,118,105,8,-16,106
97,Louisville,Cardinals,LOU,LOU,Louisville,ACC,,fbs,#c9001f,#000000,http://a.espncdn.com/i/teamlogos/ncaa/500/97.png,http://a.espncdn.com/i/teamlogos/ncaa/500-dark/97.png,@LouisvilleFB,L&N Federal Credit Union Stadium,Louisville,KY,TRUE,7-5-1,7-5-1,8.6,10.20%,58.00%,25,19,26,29,20
99,LSU,Tigers,LSU,Louisiana State,LSU,SEC,,fbs,#461d7c,#fdd023,http://a.espncdn.com/i/teamlogos/ncaa/500/99.png,http://a.espncdn.com/i/teamlogos/ncaa/500-dark/99.png,@LSUFootball,Tiger Stadium (LA),Baton Rouge,LA,TRUE,5-8-0,5-8-0,8.5,9.50%,62.00%,4,8,1,31,16
276,Marshall,Thundering Herd,MRSH,MRSH,Marshall,Sun Belt,East,fbs,#00ae42,#be854c,http://a.espncdn.com/i/teamlogos/ncaa/500/276.png,http://a.espncdn.com/i/teamlogos/ncaa/500-dark/276.png,@HerdFB,Joan C. Edwards Stadium,Huntington,WV,TRUE,11-2-0,11-2-0,5.6,3.70%,32.00%,94,98,34,-7,89
120,Maryland,Terrapins,MD,MD,Maryland,Big Ten,,fbs,#D5002B,#ffcd00,http://a.espncdn.com/i/teamlogos/ncaa/500/120.png,http://a.espncdn.com/i/teamlogos/ncaa/500-dark/120.png,@TerpsFootball,SECU Stadium,College Park,MD,TRUE,4-8-0,4-8-0,4.6,0.00%,51.00%,65,74,-16,-7,88
113,Massachusetts,Minutemen,MASS,UMass,MASS,Mid-American,,fbs,#971B2F,#B1B3B3,http://a.espncdn.com/i/teamlogos/ncaa/500/113.png,http://a.espncdn.com/i/teamlogos/ncaa/500-dark/113.png,@UMassFootball,Warren McGuirk Alumni Stadium,Hadley,MA,TRUE,6-5-1,6-5-1,4,1.10%,37.00%,134,134,-24,-37,135
235,Memphis,Tigers,MEM,MEM,Memphis,American Athletic,,fbs,#004991,#8e908f,http://a.espncdn.com/i/teamlogos/ncaa/500/235.png,http://a.espncdn.com/i/teamlogos/ncaa/500-dark/235.png,@MemphisFB,Simmons Bank Liberty Stadium,Memphis,TN,TRUE,6-5-2,6-5-2,8.2,0.00%,39.00%,77,65,28,8,58
2390,Miami,Hurricanes,MIA,Miami (FL),MIA,ACC,,fbs,#005030,#f47321,http://a.espncdn.com/i/teamlogos/ncaa/500/2390.png,http://a.espncdn.com/i/teamlogos/ncaa/500-dark/2390.png,@CanesFootball,Hard Rock Stadium,Miami Gardens,FL,TRUE,6-6-1,6-6-1,8.8,17.50%,55.00%,18,14,31,33,10
193,Miami (OH),RedHawks,M-OH,M-OH,Miami OH,Mid-American,,fbs,#a4000c,#f0f0f0,http://a.espncdn.com/i/teamlogos/ncaa/500/193.png,http://a.espncdn.com/i/teamlogos/ncaa/500-dark/193.png,@MiamiOHFootball,Yager Stadium,Oxford,OH,TRUE,7-7-0,7-7-0,6.1,9.70%,32.00%,109,100,23,-12,98
130,Michigan,Wolverines,MICH,MICH,Michigan,Big Ten,,fbs,#00274c,#ffcb05,http://a.espncdn.com/i/teamlogos/ncaa/500/130.png,http://a.espncdn.com/i/teamlogos/ncaa/500-dark/130.png,@UMichFootball,Michigan Stadium,Ann Arbor,MI,TRUE,6-7-0,6-7-0,8.9,7.40%,64.00%,19,15,22,32,14
127,Michigan State,Spartans,MSU,MSU,Michigan St,Big Ten,,fbs,#18453b,#ffffff,http://a.espncdn.com/i/teamlogos/ncaa/500/127.png,http://a.espncdn.com/i/teamlogos/ncaa/500-dark/127.png,@MSU_Football,Spartan Stadium,East Lansing,MI,TRUE,3-8-1,3-8-1,5.9,0.40%,63.00%,34,45,-9,11,50
2393,Middle Tennessee,Blue Raiders,MTSU,Middle Tennessee State,MTSU,Conference USA,,fbs,#006db6,#ffffff,http://a.espncdn.com/i/teamlogos/ncaa/500/2393.png,http://a.espncdn.com/i/teamlogos/ncaa/500-dark/2393.png,@MT_FB,"Johnny ""Red"" Floyd Stadium",Murfreesboro,TN,TRUE,3-9-0,3-9-0,5.1,3.20%,56.00%,131,126,-31,-32,132
135,Minnesota,Golden Gophers,MINN,MINN,Minnesota,Big Ten,,fbs,#5e0a2f,#fab41c,http://a.espncdn.com/i/teamlogos/ncaa/500/135.png,http://a.espncdn.com/i/teamlogos/ncaa/500-dark/135.png,@GopherFootball,Huntington Bank Stadium,Minneapolis,MN,TRUE,10-2-1,10-2-1,7,0.80%,62.00%,43,38,33,21,34
344,Mississippi State,Bulldogs,MSST,MSST,Mississippi St,SEC,,fbs,#5d1725,#c1c6c8,http://a.espncdn.com/i/teamlogos/ncaa/500/344.png,http://a.espncdn.com/i/teamlogos/ncaa/500-dark/344.png,@HailStateFB,Davis Wade Stadium,Starkville,MS,TRUE,7-5-0,7-5-0,4,0.00%,62.00%,37,63,-16,1,70
142,Missouri,Tigers,MIZ,MIZ,Missouri,SEC,,fbs,#f1b82d,#000000,http://a.espncdn.com/i/teamlogos/ncaa/500/142.png,http://a.espncdn.com/i/teamlogos/ncaa/500-dark/142.png,@MizzouFootball,Memorial Stadium,Columbia,MO,TRUE,9-4-0,9-4-0,7.3,1.60%,60.00%,20,22,8,24,27
2623,Missouri State,Bears,MOST,MOST,Missouri St,Conference USA,,fbs,#5F0000,#e8e8e8,http://a.espncdn.com/i/teamlogos/ncaa/500/2623.png,http://a.espncdn.com/i/teamlogos/ncaa/500-dark/2623.png,@MOStateFootball,Plaster Sports Complex,Springfield,MO,TRUE,0-1-0,0-1-0,4.7,3.20%,66.00%,122,122,0,-23,111
2426,Navy,Midshipmen,NAVY,NAVY,Navy,American Athletic,,fbs,#00225b,#b5a67c,http://a.espncdn.com/i/teamlogos/ncaa/500/2426.png,http://a.espncdn.com/i/teamlogos/ncaa/500-dark/2426.png,@NavyFB,Navy-Marine Corps Memorial Stadium,Annapolis,MD,TRUE,9-4-0,9-4-0,8.5,56.30%,63.00%,74,59,22,11,48
152,NC State,Wolfpack,NCSU,North Carolina St.,NCSU,ACC,,fbs,#cc0000,#ffffff,http://a.espncdn.com/i/teamlogos/ncaa/500/152.png,http://a.espncdn.com/i/teamlogos/ncaa/500-dark/152.png,@PackFootball,Carter-Finley Stadium,Raleigh,NC,TRUE,4-8-1,4-8-1,6,2.10%,62.00%,51,53,2,8,57
158,Nebraska,Cornhuskers,NEB,NEB,Nebraska,Big Ten,,fbs,#d00000,#ffffff,http://a.espncdn.com/i/teamlogos/ncaa/500/158.png,http://a.espncdn.com/i/teamlogos/ncaa/500-dark/158.png,@HuskerFBNation,"Memorial Stadium (Lincoln, NE)",Lincoln,NE,TRUE,7-4-2,7-4-2,7.6,2.20%,60.00%,33,30,-1,18,35
2440,Nevada,Wolf Pack,NEV,NEV,Nevada,Mountain West,,fbs,#002d62,#ffffff,http://a.espncdn.com/i/teamlogos/ncaa/500/2440.png,http://a.espncdn.com/i/teamlogos/ncaa/500-dark/2440.png,@NevadaFootball,Mackay Stadium,Reno,NV,TRUE,6-6-1,6-6-1,3.9,0.40%,29.00%,120,127,-1,-29,128
167,New Mexico,Lobos,UNM,UNM,New Mexico,Mountain West,,fbs,#BA0C2F,#a7a8aa,http://a.espncdn.com/i/teamlogos/ncaa/500/167.png,http://a.espncdn.com/i/teamlogos/ncaa/500-dark/167.png,@UNMLoboFB,University Stadium (NM),Albuquerque,NM,TRUE,7-5-0,7-5-0,3.3,0.10%,27.00%,126,132,14,-30,129
166,New Mexico State,Aggies,NMSU,NMSU,New Mexico St,Conference USA,,fbs,#891216,#000000,http://a.espncdn.com/i/teamlogos/ncaa/500/166.png,http://a.espncdn.com/i/teamlogos/ncaa/500-dark/166.png,@NMStateFootball,Aggie Memorial Stadium,Las Cruces,NM,TRUE,5-7-0,5-7-0,4.8,1.70%,65.00%,132,129,-6,-27,125
153,North Carolina,Tar Heels,UNC,UNC,North Carolina,ACC,,fbs,#7bafd4,#13294b,http://a.espncdn.com/i/teamlogos/ncaa/500/153.png,http://a.espncdn.com/i/teamlogos/ncaa/500-dark/153.png,@UNCFootball,Kenan Stadium,Chapel Hill,NC,TRUE,2-10-1,2-10-1,7.4,3.10%,53.00%,56,44,-7,9,53
2459,Northern Illinois,Huskies,NIU,NIU,N Illinois,Mid-American,,fbs,#F1122C,#cc0000,http://a.espncdn.com/i/teamlogos/ncaa/500/2459.png,http://a.espncdn.com/i/teamlogos/ncaa/500-dark/2459.png,@NIU_Football,Huskie Stadium,DeKalb,IL,TRUE,5-6-2,5-6-2,5.8,4.80%,23.00%,129,116,-3,-26,120
249,North Texas,Mean Green,UNT,UNT,North Texas,American Athletic,,fbs,#00853E,#000000,http://a.espncdn.com/i/teamlogos/ncaa/500/249.png,http://a.espncdn.com/i/teamlogos/ncaa/500-dark/249.png,@MeanGreenFB,DATCU Stadium,Denton,TX,TRUE,5-8-0,5-8-0,6.6,0.00%,53.00%,97,94,-5,-11,97
77,Northwestern,Wildcats,NU,NU,Northwestern,Big Ten,,fbs,#582c83,#ffffff,http://a.espncdn.com/i/teamlogos/ncaa/500/77.png,http://a.espncdn.com/i/teamlogos/ncaa/500-dark/77.png,@NUFBFamily,Ryan Field,Evanston,IL,TRUE,4-8-0,4-8-0,3.9,0.00%,58.00%,59,75,-12,-6,82
87,Notre Dame,Fighting Irish,ND,ND,Notre Dame,FBS Independents,,fbs,#0c2340,#c99700,http://a.espncdn.com/i/teamlogos/ncaa/500/87.png,http://a.espncdn.com/i/teamlogos/ncaa/500-dark/87.png,@NDFootball,Notre Dame Stadium,Notre Dame,IN,TRUE,12-3-1,12-3-1,9.9,--,57.00%,16,9,56,42,1
195,Ohio,Bobcats,OHIO,OHIO,Ohio,Mid-American,,fbs,#295A29,#e4bb85,http://a.espncdn.com/i/teamlogos/ncaa/500/195.png,http://a.espncdn.com/i/teamlogos/ncaa/500-dark/195.png,@OhioFootball,Peden Stadium,Athens,OH,TRUE,9-5-0,9-5-0,7.2,21.90%,59.00%,96,86,31,0,73
194,Ohio State,Buckeyes,OSU,OSU,Ohio State,Big Ten,,fbs,#ce1141,#505056,http://a.espncdn.com/i/teamlogos/ncaa/500/194.png,http://a.espncdn.com/i/teamlogos/ncaa/500-dark/194.png,@OhioStateFB,Ohio Stadium,Columbus,OH,TRUE,10-6-0,10-6-0,10.1,32.30%,46.00%,6,2,16,36,7
201,Oklahoma,Sooners,OU,OU,Oklahoma,SEC,,fbs,#a32036,#ffffff,http://a.espncdn.com/i/teamlogos/ncaa/500/201.png,http://a.espncdn.com/i/teamlogos/ncaa/500-dark/201.png,@OU_Football,"Memorial Stadium (Norman, OK)",Norman,OK,TRUE,6-7-0,6-7-0,7,2.90%,69.00%,7,18,5,27,23
197,Oklahoma State,Cowboys,OKST,OKST,Oklahoma St,Big 12,,fbs,#FF7300,#000000,http://a.espncdn.com/i/teamlogos/ncaa/500/197.png,http://a.espncdn.com/i/teamlogos/ncaa/500-dark/197.png,@CowboyFB,Boone Pickens Stadium,Stillwater,OK,TRUE,3-9-0,3-9-0,5.1,1.00%,45.00%,61,67,-37,-8,92
295,Old Dominion,Monarchs,ODU,ODU,Old Dominion,Sun Belt,East,fbs,#00507d,#a1d2f1,http://a.espncdn.com/i/teamlogos/ncaa/500/295.png,http://a.espncdn.com/i/teamlogos/ncaa/500-dark/295.png,@ODUFootball,S.B. Ballard Stadium,Norfolk,VA,TRUE,6-6-0,6-6-0,6.2,8.60%,57.00%,79,85,17,-1,75
145,Ole Miss,Rebels,MISS,MISS,Ole Miss,SEC,,fbs,#13294b,#c8102e,http://a.espncdn.com/i/teamlogos/ncaa/500/145.png,http://a.espncdn.com/i/teamlogos/ncaa/500-dark/145.png,@OleMissFB,Vaught-Hemingway Stadium,Oxford,MS,TRUE,8-5-0,8-5-0,9,8.00%,42.00%,11,10,21,32,12
2483,Oregon,Ducks,ORE,ORE,Oregon,Big Ten,,fbs,#007030,#fee11a,http://a.espncdn.com/i/teamlogos/ncaa/500/2483.png,http://a.espncdn.com/i/teamlogos/ncaa/500-dark/2483.png,@OregonFootball,Autzen Stadium,Eugene,OR,TRUE,7-7-0,7-7-0,10.2,21.80%,43.00%,13,6,32,37,5
204,Oregon State,Beavers,ORST,ORST,Oregon St,Pac-12,,fbs,#231f20,#d73f09,http://a.espncdn.com/i/teamlogos/ncaa/500/204.png,http://a.espncdn.com/i/teamlogos/ncaa/500-dark/204.png,@BeaverFootball,Reser Stadium,Corvallis,OR,TRUE,4-8-0,4-8-0,6.5,--,62.00%,73,77,-20,-5,80
213,Penn State,Nittany Lions,PSU,PSU,Penn State,Big Ten,,fbs,#041E42,#FFFFFF,http://a.espncdn.com/i/teamlogos/ncaa/500/213.png,http://a.espncdn.com/i/teamlogos/ncaa/500-dark/213.png,@PennStateFball,Beaver Stadium,University Park,PA,TRUE,8-8-0,8-8-0,10,23.40%,63.00%,10,4,33,40,2
221,Pittsburgh,Panthers,PITT,Pitt,PITT,ACC,,fbs,#003263,#231f20,http://a.espncdn.com/i/teamlogos/ncaa/500/221.png,http://a.espncdn.com/i/teamlogos/ncaa/500-dark/221.png,@Pitt_FB,Acrisure Stadium,Pittsburgh,PA,TRUE,7-6-0,7-6-0,6.1,1.50%,64.00%,50,52,12,11,49
2509,Purdue,Boilermakers,PUR,PUR,Purdue,Big Ten,,fbs,#000000,#ceb888,http://a.espncdn.com/i/teamlogos/ncaa/500/2509.png,http://a.espncdn.com/i/teamlogos/ncaa/500-dark/2509.png,@BoilerFootball,Ross-Ade Stadium,West Lafayette,IN,TRUE,3-9-0,3-9-0,3.1,0.00%,32.00%,67,91,-37,-20,108
242,Rice,Owls,RICE,RICE,Rice,American Athletic,,fbs,#d1d5d8,#003d7d,http://a.espncdn.com/i/teamlogos/ncaa/500/242.png,http://a.espncdn.com/i/teamlogos/ncaa/500-dark/242.png,@RiceFootball,Rice Stadium,Houston,TX,TRUE,5-6-1,5-6-1,4.3,0.00%,39.00%,102,111,-15,-23,112
164,Rutgers,Scarlet Knights,RUTG,RUTG,Rutgers,Big Ten,,fbs,#d21034,#ffffff,http://a.espncdn.com/i/teamlogos/ncaa/500/164.png,http://a.espncdn.com/i/teamlogos/ncaa/500-dark/164.png,@Rfootball,SHI Stadium,Piscataway,NJ,TRUE,7-5-1,7-5-1,5.8,0.30%,71.00%,44,51,16,13,46
2534,Sam Houston,Bearkats,SHSU,Sam Houston State,SHSU,Conference USA,,fbs,#fe5000,#000000,http://a.espncdn.com/i/teamlogos/ncaa/500/2534.png,http://a.espncdn.com/i/teamlogos/ncaa/500-dark/2534.png,@BearkatsFB,Elliott T. Bowers Stadium,Huntsville,TX,TRUE,7-6-0,7-6-0,5,6.30%,40.00%,111,110,35,-13,102
21,San Diego State,Aztecs,SDSU,SDSU,San Diego St,Mountain West,,fbs,#c41230,#000000,http://a.espncdn.com/i/teamlogos/ncaa/500/21.png,http://a.espncdn.com/i/teamlogos/ncaa/500-dark/21.png,@AztecFB,Snapdragon Stadium,San Diego,CA,TRUE,5-7-0,5-7-0,4.8,1.10%,52.00%,115,117,-17,-25,117
23,San José State,Spartans,SJSU,San Jose St.,SJSU,Mountain West,,fbs,#005893,#fdba31,http://a.espncdn.com/i/teamlogos/ncaa/500/23.png,http://a.espncdn.com/i/teamlogos/ncaa/500-dark/23.png,@SanJoseStateFB,CEFCU Stadium,San Jose,CA,TRUE,6-7-0,6-7-0,7.3,8.40%,57.00%,99,88,5,-6,84
2567,SMU,Mustangs,SMU,Southern Methodist,SMU,ACC,,fbs,#354ca1,#cc0035,http://a.espncdn.com/i/teamlogos/ncaa/500/2567.png,http://a.espncdn.com/i/teamlogos/ncaa/500-dark/2567.png,@SMUFB,Gerald J. Ford Stadium,University Park,TX,TRUE,8-6-0,8-6-0,8.4,10.00%,53.00%,26,20,45,32,13
6,South Alabama,Jaguars,USA,USA,South Alabama,Sun Belt,West,fbs,#00205B,#BF0D3E,http://a.espncdn.com/i/teamlogos/ncaa/500/6.png,http://a.espncdn.com/i/teamlogos/ncaa/500-dark/6.png,@SouthAlabamaFB,Hancock Whitney Stadium,Mobile,AL,TRUE,6-7-0,6-7-0,6.4,8.90%,57.00%,82,87,17,-2,77
2579,South Carolina,Gamecocks,SC,SC,South Carolina,SEC,,fbs,#73000a,#ffffff,http://a.espncdn.com/i/teamlogos/ncaa/500/2579.png,http://a.espncdn.com/i/teamlogos/ncaa/500-dark/2579.png,@GamecockFB,Williams-Brice Stadium,Columbia,SC,TRUE,9-4-0,9-4-0,7.3,3.50%,56.00%,9,17,38,33,11
2572,Southern Miss,Golden Eagles,USM,Southern Mississippi,USM,Sun Belt,West,fbs,#FFAA3C,#ffc423,http://a.espncdn.com/i/teamlogos/ncaa/500/2572.png,http://a.espncdn.com/i/teamlogos/ncaa/500-dark/2572.png,@SouthernMissFB,M. M. Roberts Stadium,Hattiesburg,MS,TRUE,4-8-0,4-8-0,5,1.90%,55.00%,105,107,-54,-28,126
58,South Florida,Bulls,USF,USF,South Florida,American Athletic,,fbs,#004A36,#231f20,http://a.espncdn.com/i/teamlogos/ncaa/500/58.png,http://a.espncdn.com/i/teamlogos/ncaa/500-dark/58.png,@USFFootball,Raymond James Stadium,Tampa,FL,TRUE,7-6-0,7-6-0,6.4,0.00%,67.00%,71,73,3,1,69
24,Stanford,Cardinal,STAN,STAN,Stanford,ACC,,fbs,#8c1515,#ffffff,http://a.espncdn.com/i/teamlogos/ncaa/500/24.png,http://a.espncdn.com/i/teamlogos/ncaa/500-dark/24.png,@StanfordFball,Stanford Stadium,Stanford,CA,TRUE,4-7-1,4-7-1,3.2,0.00%,67.00%,62,84,-22,-11,96
183,Syracuse,Orange,SYR,SYR,Syracuse,ACC,,fbs,#ff6500,#000e54,http://a.espncdn.com/i/teamlogos/ncaa/500/183.png,http://a.espncdn.com/i/teamlogos/ncaa/500-dark/183.png,@CuseFootball,JMA Wireless Dome,Syracuse,NY,TRUE,6-7-0,6-7-0,5.4,1.60%,50.00%,24,43,28,18,38
2628,TCU,Horned Frogs,TCU,Texas Christian,TCU,Big 12,,fbs,#4d1979,#f1f2f3,http://a.espncdn.com/i/teamlogos/ncaa/500/2628.png,http://a.espncdn.com/i/teamlogos/ncaa/500-dark/2628.png,@TCUFootball,Amon G. Carter Stadium,Fort Worth,TX,TRUE,6-7-0,6-7-0,6.8,7.20%,60.00%,32,35,10,18,36
218,Temple,Owls,TEM,TEM,Temple,American Athletic,,fbs,#A80532,#a7a9ac,http://a.espncdn.com/i/teamlogos/ncaa/500/218.png,http://a.espncdn.com/i/teamlogos/ncaa/500-dark/218.png,@Temple_FB,Lincoln Financial Field,Philadelphia,PA,TRUE,6-6-0,6-6-0,3.7,0.00%,51.00%,100,123,-11,-24,115
2633,Tennessee,Volunteers,TENN,TENN,Tennessee,SEC,,fbs,#ff8200,#58595b,http://a.espncdn.com/i/teamlogos/ncaa/500/2633.png,http://a.espncdn.com/i/teamlogos/ncaa/500-dark/2633.png,@Vol_Football,Neyland Stadium,Knoxville,TN,TRUE,7-6-0,7-6-0,8.6,4.80%,58.00%,15,12,32,34,9
251,Texas,Longhorns,TEX,TEX,Texas,SEC,,fbs,#c15d26,#ffffff,http://a.espncdn.com/i/teamlogos/ncaa/500/251.png,http://a.espncdn.com/i/teamlogos/ncaa/500-dark/251.png,@TexasFootball,DKR-Texas Memorial Stadium,Austin,TX,TRUE,8-8-0,8-8-0,9.8,23.50%,45.00%,1,1,24,39,3
245,Texas A&M,Aggies,TA&M,TA&M,Texas A&M,SEC,,fbs,#500000,#ffffff,http://a.espncdn.com/i/teamlogos/ncaa/500/245.png,http://a.espncdn.com/i/teamlogos/ncaa/500-dark/245.png,@AggieFootball,Kyle Field,College Station,TX,TRUE,3-10-0,3-10-0,7.9,5.10%,71.00%,8,11,9,31,17
326,Texas State,Bobcats,TXST,TXST,Texas St,Sun Belt,West,fbs,#4e1719,#b4975a,http://a.espncdn.com/i/teamlogos/ncaa/500/326.png,http://a.espncdn.com/i/teamlogos/ncaa/500-dark/326.png,@TXStateFootball,Bobcat Stadium (TX),San Marcos,TX,TRUE,6-7-0,6-7-0,7.1,11.90%,40.00%,80,78,10,-1,76
2641,Texas Tech,Red Raiders,TTU,TTU,Texas Tech,Big 12,,fbs,#CC0000,#000000,http://a.espncdn.com/i/teamlogos/ncaa/500/2641.png,http://a.espncdn.com/i/teamlogos/ncaa/500-dark/2641.png,@TexasTechFB,Jones AT&T Stadium,Lubbock,TX,TRUE,7-5-1,7-5-1,8.3,11.10%,75.00%,47,28,29,25,25
2649,Toledo,Rockets,TOL,TOL,Toledo,Mid-American,,fbs,#0a2240,#ffcd00,http://a.espncdn.com/i/teamlogos/ncaa/500/2649.png,http://a.espncdn.com/i/teamlogos/ncaa/500-dark/2649.png,@ToledoFB,Glass Bowl,Toledo,OH,TRUE,6-7-0,6-7-0,8.4,28.20%,60.00%,112,80,4,-5,80
2653,Troy,Trojans,TROY,TROY,Troy,Sun Belt,West,fbs,#AE0210,#88898c,http://a.espncdn.com/i/teamlogos/ncaa/500/2653.png,http://a.espncdn.com/i/teamlogos/ncaa/500-dark/2653.png,@TroyTrojansFB,Veterans Memorial Stadium (AL),Troy,AL,TRUE,6-6-0,6-6-0,5.8,5.40%,66.00%,87,95,-3,-9,94
2655,Tulane,Green Wave,TULN,TULN,Tulane,American Athletic,,fbs,#006547,#468ac9,http://a.espncdn.com/i/teamlogos/ncaa/500/2655.png,http://a.espncdn.com/i/teamlogos/ncaa/500-dark/2655.png,@GreenWaveFB,Yulman Stadium,New Orleans,LA,TRUE,9-5-0,9-5-0,8.5,0.00%,56.00%,68,50,40,17,39
202,Tulsa,Golden Hurricane,TLSA,TLSA,Tulsa,American Athletic,,fbs,#003595,#d0b787,http://a.espncdn.com/i/teamlogos/ncaa/500/202.png,http://a.espncdn.com/i/teamlogos/ncaa/500-dark/202.png,@TulsaFootball,Chapman Stadium,Tulsa,OK,TRUE,4-8-0,4-8-0,3.2,0.00%,47.00%,117,130,-34,-35,133
5,UAB,Blazers,UAB,Alabama-Birmingham,UAB,American Athletic,,fbs,#003b28,#ffc845,http://a.espncdn.com/i/teamlogos/ncaa/500/5.png,http://a.espncdn.com/i/teamlogos/ncaa/500-dark/5.png,@UAB_FB,Protective Stadium,Birmingham,AL,TRUE,5-6-1,5-6-1,4.4,0.00%,39.00%,110,118,-12,-25,118
2116,UCF,Knights,UCF,Central Florida,UCF,Big 12,,fbs,#ba9b37,#000000,http://a.espncdn.com/i/teamlogos/ncaa/500/2116.png,http://a.espncdn.com/i/teamlogos/ncaa/500-dark/2116.png,@UCF_Football,FBC Mortgage Stadium,Orlando,FL,TRUE,5-7-0,5-7-0,5.7,1.60%,45.00%,58,60,-25,-3,78
26,UCLA,Bruins,UCLA,UCLA,UCLA,Big Ten,,fbs,#2774ae,#f2a900,http://a.espncdn.com/i/teamlogos/ncaa/500/26.png,http://a.espncdn.com/i/teamlogos/ncaa/500-dark/26.png,@UCLAFootball,Rose Bowl,Pasadena,CA,TRUE,6-6-0,6-6-0,5.1,0.30%,43.00%,38,55,4,7,60
41,UConn,Huskies,CONN,Connecticut,CONN,FBS Independents,,fbs,#0c2340,#f1f2f3,http://a.espncdn.com/i/teamlogos/ncaa/500/41.png,http://a.espncdn.com/i/teamlogos/ncaa/500-dark/41.png,@UConnFootball,Pratt & Whitney Stadium,East Hartford,CT,TRUE,7-4-2,7-4-2,7.3,--,55.00%,88,81,14,-1,74
2433,UL Monroe,Warhawks,ULM,La.-Monroe,ULM,Sun Belt,West,fbs,#231F20,#b18445,http://a.espncdn.com/i/teamlogos/ncaa/500/2433.png,http://a.espncdn.com/i/teamlogos/ncaa/500-dark/2433.png,@ULM_FB,Malone Stadium,Monroe,LA,TRUE,6-6-0,6-6-0,4.7,2.20%,64.00%,95,106,-5,-15,105
2439,UNLV,Rebels,UNLV,Nevada-Las Vegas,UNLV,Mountain West,,fbs,#b10202,#ffffff,http://a.espncdn.com/i/teamlogos/ncaa/500/2439.png,http://a.espncdn.com/i/teamlogos/ncaa/500-dark/2439.png,@UNLVFootball,Allegiant Stadium,Las Vegas,NV,TRUE,8-6-0,8-6-0,9.2,14.20%,32.00%,91,70,33,6,61
30,USC,Trojans,USC,USC,USC,Big Ten,,fbs,#9e2237,#ffcc00,http://a.espncdn.com/i/teamlogos/ncaa/500/30.png,http://a.espncdn.com/i/teamlogos/ncaa/500-dark/30.png,@uscfb,Los Angeles Memorial Coliseum,Los Angeles,CA,TRUE,8-5-0,8-5-0,7.6,3.10%,46.00%,21,21,11,24,28
254,Utah,Utes,UTAH,UTAH,Utah,Big 12,,fbs,#ea002a,#ffffff,http://a.espncdn.com/i/teamlogos/ncaa/500/254.png,http://a.espncdn.com/i/teamlogos/ncaa/500-dark/254.png,@Utah_Football,Rice-Eccles Stadium,Salt Lake City,UT,TRUE,5-7-0,5-7-0,7.8,11.00%,61.00%,39,31,-9,16,41
328,Utah State,Aggies,USU,USU,Utah State,Mountain West,,fbs,#00263a,#949ca1,http://a.espncdn.com/i/teamlogos/ncaa/500/328.png,http://a.espncdn.com/i/teamlogos/ncaa/500-dark/328.png,@USUFootball,Maverik Stadium,Logan,UT,TRUE,4-7-1,4-7-1,4.1,0.90%,36.00%,107,119,-1,-24,114
2638,UTEP,Miners,UTEP,Texas-El Paso,UTEP,Conference USA,,fbs,#ff8200,#041e42,http://a.espncdn.com/i/teamlogos/ncaa/500/2638.png,http://a.espncdn.com/i/teamlogos/ncaa/500-dark/2638.png,@UTEPFB,Sun Bowl,El Paso,TX,TRUE,5-7-0,5-7-0,5.2,3.30%,61.00%,127,121,-14,-26,122
2636,UTSA,Roadrunners,UTSA,Texas-San Antonio,UTSA,American Athletic,,fbs,#002A5C,#f47321,http://a.espncdn.com/i/teamlogos/ncaa/500/2636.png,http://a.espncdn.com/i/teamlogos/ncaa/500-dark/2636.png,,Alamodome,San Antonio,TX,TRUE,7-6-0,7-6-0,7.1,0.00%,63.00%,76,72,14,4,65
238,Vanderbilt,Commodores,VAN,VAN,Vanderbilt,SEC,,fbs,#866d4b,#000000,http://a.espncdn.com/i/teamlogos/ncaa/500/238.png,http://a.espncdn.com/i/teamlogos/ncaa/500-dark/238.png,@VandyFootball,FirstBank Stadium,Nashville,TN,TRUE,9-4-0,9-4-0,5.1,0.10%,70.00%,28,49,24,17,40
258,Virginia,Cavaliers,UVA,UVA,Virginia,ACC,,fbs,#232d4b,#f84c1e,http://a.espncdn.com/i/teamlogos/ncaa/500/258.png,http://a.espncdn.com/i/teamlogos/ncaa/500-dark/258.png,@UVAFootball,Scott Stadium,Charlottesville,VA,TRUE,6-5-1,6-5-1,6.4,1.20%,61.00%,66,61,-2,3,67
259,Virginia Tech,Hokies,VT,VT,Virginia Tech,ACC,,fbs,#630031,#cf4520,http://a.espncdn.com/i/teamlogos/ncaa/500/259.png,http://a.espncdn.com/i/teamlogos/ncaa/500-dark/259.png,@VT_Football,Lane Stadium,Blacksburg,VA,TRUE,6-7-0,6-7-0,6.4,2.00%,54.00%,48,47,-6,8,56
154,Wake Forest,Demon Deacons,WAKE,WAKE,Wake Forest,ACC,,fbs,#9E7E38,#000000,http://a.espncdn.com/i/teamlogos/ncaa/500/154.png,http://a.espncdn.com/i/teamlogos/ncaa/500-dark/154.png,@WakeFB,Allegacy Federal Credit Union Stadium,Winston-Salem,NC,TRUE,3-7-2,3-7-2,4.9,0.20%,50.00%,69,79,-8,-6,87
264,Washington,Huskies,WASH,WASH,Washington,Big Ten,,fbs,#33006f,#e8d3a2,http://a.espncdn.com/i/teamlogos/ncaa/500/264.png,http://a.espncdn.com/i/teamlogos/ncaa/500-dark/264.png,@UW_Football,Husky Stadium,Seattle,WA,TRUE,5-8-0,5-8-0,7.1,1.30%,52.00%,40,34,-1,14,44
265,Washington State,Cougars,WSU,WSU,Washington St,Pac-12,,fbs,#981e32,#ffffff,http://a.espncdn.com/i/teamlogos/ncaa/500/265.png,http://a.espncdn.com/i/teamlogos/ncaa/500-dark/265.png,@WSUCougarFB,Gesa Field,Pullman,WA,TRUE,7-6-0,7-6-0,5.3,--,27.00%,78,92,11,-9,93
98,Western Kentucky,Hilltoppers,WKU,WKU,Western KY,Conference USA,,fbs,#F32026,#b3b5b8,http://a.espncdn.com/i/teamlogos/ncaa/500/98.png,http://a.espncdn.com/i/teamlogos/ncaa/500-dark/98.png,@WKUFootball,Houchens Industries-L.T. Smith Stadium,Bowling Green,KY,TRUE,7-7-0,7-7-0,7.4,17.30%,34.00%,113,90,12,-10,95
2711,Western Michigan,Broncos,WMU,WMU,W Michigan,Mid-American,,fbs,#532e1f,#8b7f79,http://a.espncdn.com/i/teamlogos/ncaa/500/2711.png,http://a.espncdn.com/i/teamlogos/ncaa/500-dark/2711.png,@WMU_Football,Waldo Stadium,Kalamazoo,MI,TRUE,5-8-0,5-8-0,5.2,4.80%,37.00%,123,115,2,-23,112
277,West Virginia,Mountaineers,WVU,WVU,West Virginia,Big 12,,fbs,#002855,#eaaa00,http://a.espncdn.com/i/teamlogos/ncaa/500/277.png,http://a.espncdn.com/i/teamlogos/ncaa/500-dark/277.png,@WVUFootball,Milan Puskar Stadium,Morgantown,WV,TRUE,5-7-1,5-7-1,4.9,0.90%,46.00%,57,68,7,1,71
275,Wisconsin,Badgers,WIS,WIS,Wisconsin,Big Ten,,fbs,#c4012f,#ffffff,http://a.espncdn.com/i/teamlogos/ncaa/500/275.png,http://a.espncdn.com/i/teamlogos/ncaa/500-dark/275.png,@BadgerFootball,Camp Randall Stadium,Madison,WI,TRUE,4-8-0,4-8-0,4.9,0.30%,64.00%,27,48,-11,9,52
2751,Wyoming,Cowboys,WYO,WYO,Wyoming,Mountain West,,fbs,#492f24,#ffc425,http://a.espncdn.com/i/teamlogos/ncaa/500/2751.png,http://a.espncdn.com/i/teamlogos/ncaa/500-dark/2751.png,@Wyo_Football,War Memorial Stadium,Laramie,WY,TRUE,6-6-0,6-6-0,4.9,1.80%,64.00%,104,109,-16,-20,108
2000,Abilene Christian,Wildcats,ACU,ACU,Abilene Chrstn,UAC,,fcs,#592d82,#b1b3b3,http://a.espncdn.com/i/teamlogos/ncaa/500/2000.png,http://a.espncdn.com/i/teamlogos/ncaa/500-dark/2000.png,@ACUFootball,Wildcat Stadium (TX),Abilene,TX,FALSE,,,,,,,,,,
2010,Alabama A&M,Bulldogs,AAMU,AAMU,Alabama A&M,SWAC,East,fcs,#790000,#ffffff,http://a.espncdn.com/i/teamlogos/ncaa/500/2010.png,http://a.espncdn.com/i/teamlogos/ncaa/500-dark/2010.png,@AAMUFB,Louis Crews Stadium,Huntsville,AL,FALSE,,,,,,,,,,
2011,Alabama State,Hornets,ALST,ALST,Alabama St,SWAC,East,fcs,#e9a900,#0a0a0a,http://a.espncdn.com/i/teamlogos/ncaa/500/2011.png,http://a.espncdn.com/i/teamlogos/ncaa/500-dark/2011.png,@BamaStateFB,Hornet Stadium,Montgomery,AL,FALSE,,,,,,,,,,
2016,Alcorn State,Braves,ALCN,Alcorn,ALCN,SWAC,West,fcs,#4b0058,#46166a,http://a.espncdn.com/i/teamlogos/ncaa/500/2016.png,http://a.espncdn.com/i/teamlogos/ncaa/500-dark/2016.png,@BravesSports,Jack Spinks Stadium,Lorman,MS,FALSE,,,,,,,,,,
2029,Arkansas-Pine Bluff,Golden Lions,UAPB,Arkansas Pine Bluff,UAPB,SWAC,West,fcs,#e0aa0f,#eaaa00,http://a.espncdn.com/i/teamlogos/ncaa/500/2029.png,http://a.espncdn.com/i/teamlogos/ncaa/500-dark/2029.png,@UAPBLionsRoar,Golden Lion Stadium,Pine Bluff,AR,FALSE,,,,,,,,,,
2046,Austin Peay,Governors,APSU,APSU,Austin Peay,UAC,,fcs,#8e0b0b,#null,http://a.espncdn.com/i/teamlogos/ncaa/500/2046.png,http://a.espncdn.com/i/teamlogos/ncaa/500-dark/2046.png,@AustinePeayFB,Governors Stadium,Clarksville,TN,FALSE,,,,,,,,,,
2065,Bethune-Cookman,Wildcats,BCU,BCU,Bethune,SWAC,East,fcs,#7b1831,#e9aa12,http://a.espncdn.com/i/teamlogos/ncaa/500/2065.png,http://a.espncdn.com/i/teamlogos/ncaa/500-dark/2065.png,@BCUGridiron,Municipal Stadium,Daytona Beach,FL,FALSE,,,,,,,,,,
225,Brown,Bears,BRWN,BRWN,Brown,Ivy,,fcs,#411e09,#949300,http://a.espncdn.com/i/teamlogos/ncaa/500/225.png,http://a.espncdn.com/i/teamlogos/ncaa/500-dark/225.png,@BrownU_Football,Brown Stadium,Providence,RI,FALSE,,,,,,,,,,
2803,Bryant,Bulldogs,BRY,BRY,Bryant,CAA,,fcs,#null,#9f8343,http://a.espncdn.com/i/teamlogos/ncaa/500/2803.png,http://a.espncdn.com/i/teamlogos/ncaa/500-dark/2803.png,@BryantUFootball,Bulldog Stadium,Smithfield,RI,FALSE,,,,,,,,,,
2083,Bucknell,Bison,BUCK,BUCK,Bucknell,Patriot,,fcs,#000060,#00316e,http://a.espncdn.com/i/teamlogos/ncaa/500/2083.png,http://a.espncdn.com/i/teamlogos/ncaa/500-dark/2083.png,@Bucknell_FB,Christy Mathewson-Memorial Stadium,Lewisburg,PA,FALSE,,,,,,,,,,
2086,Butler,Bulldogs,BUT,BUT,Butler,Pioneer,,fcs,#0d1361,#00a3e0,http://a.espncdn.com/i/teamlogos/ncaa/500/2086.png,http://a.espncdn.com/i/teamlogos/ncaa/500-dark/2086.png,@ButlerUFootball,Butler Bowl,Indianapolis,IN,FALSE,,,,,,,,,,
13,Cal Poly,Mustangs,CP,CP,Cal Poly,Big Sky,,fcs,#1E4D2B,#eed897,http://a.espncdn.com/i/teamlogos/ncaa/500/13.png,http://a.espncdn.com/i/teamlogos/ncaa/500-dark/13.png,@CalPolyFootball,Alex G. Spanos Stadium,San Luis Obispo,CA,FALSE,,,,,,,,,,
2097,Campbell,Fighting Camels,CAM,CAM,Campbell,CAA,,fcs,#null,#null,http://a.espncdn.com/i/teamlogos/ncaa/500/2097.png,http://a.espncdn.com/i/teamlogos/ncaa/500-dark/2097.png,@GoCamelsFB,Barker-Lane Stadium,Buies Creek,NC,FALSE,,,,,,,,,,
2110,Central Arkansas,Bears,CARK,CARK,C Arkansas,UAC,,fcs,#a7a9ac,#8e959a,http://a.espncdn.com/i/teamlogos/ncaa/500/2110.png,http://a.espncdn.com/i/teamlogos/ncaa/500-dark/2110.png,@UCA_Football,Estes Stadium,Conway,AR,FALSE,,,,,,,,,,
2115,Central Connecticut,Blue Devils,CCSU,Central Connecticut State,CCSU,NEC,,fcs,#1B49A2,#d1d5d8,http://a.espncdn.com/i/teamlogos/ncaa/500/2115.png,http://a.espncdn.com/i/teamlogos/ncaa/500-dark/2115.png,@CCSUfootball,Arute Field,New Britain,CT,FALSE,,,,,,,,,,
2127,Charleston Southern,Buccaneers,CHSO,CHSO,Charleston So,Big South-OVC,,fcs,#2e3192,#ded090,http://a.espncdn.com/i/teamlogos/ncaa/500/2127.png,http://a.espncdn.com/i/teamlogos/ncaa/500-dark/2127.png,@CSUFB,Buccaneer Field,North Charleston,SC,FALSE,,,,,,,,,,
236,Chattanooga,Mocs,UTC,UTC,Chattanooga,Southern,,fcs,#00386b,#dca71d,http://a.espncdn.com/i/teamlogos/ncaa/500/236.png,http://a.espncdn.com/i/teamlogos/ncaa/500-dark/236.png,@GoMocsFB,Finley Stadium,Chattanooga,TN,FALSE,,,,,,,,,,
2142,Colgate,Raiders,COLG,COLG,Colgate,Patriot,,fcs,#821019,#ffffff,http://a.espncdn.com/i/teamlogos/ncaa/500/2142.png,http://a.espncdn.com/i/teamlogos/ncaa/500-dark/2142.png,@ColgateFB,Andy Kerr Stadium,Hamilton,NY,FALSE,,,,,,,,,,
171,Columbia,Lions,COLU,COLU,Columbia,Ivy,,fcs,#174785,#004b85,http://a.espncdn.com/i/teamlogos/ncaa/500/171.png,http://a.espncdn.com/i/teamlogos/ncaa/500-dark/171.png,@ColumbiaLionsFB,Lawrence A. Wien Stadium,Manhattan,NY,FALSE,,,,,,,,,,
172,Cornell,Big Red,COR,COR,Cornell,Ivy,,fcs,#d60027,#101010,http://a.espncdn.com/i/teamlogos/ncaa/500/172.png,http://a.espncdn.com/i/teamlogos/ncaa/500-dark/172.png,@BigRed_Football,Schoellkopf Field,Ithaca,NY,FALSE,,,,,,,,,,
159,Dartmouth,Big Green,DART,DART,Dartmouth,Ivy,,fcs,#005730,#000000,http://a.espncdn.com/i/teamlogos/ncaa/500/159.png,http://a.espncdn.com/i/teamlogos/ncaa/500-dark/159.png,@DartFootball,Memorial Field,Hanover,NH,FALSE,,,,,,,,,,
2166,Davidson,Wildcats,DAV,DAV,Davidson,Pioneer,,fcs,#null,#e51837,http://a.espncdn.com/i/teamlogos/ncaa/500/2166.png,http://a.espncdn.com/i/teamlogos/ncaa/500-dark/2166.png,@DavidsonFB,Richardson Stadium,Davidson,NC,FALSE,,,,,,,,,,
2168,Dayton,Flyers,DAY,DAY,Dayton,Pioneer,,fcs,#004B8D,#ffffff,http://a.espncdn.com/i/teamlogos/ncaa/500/2168.png,http://a.espncdn.com/i/teamlogos/ncaa/500-dark/2168.png,@DaytonFootball,Welcome Stadium,Dayton,OH,FALSE,,,,,,,,,,
2169,Delaware State,Hornets,DSU,DSU,Delaware St,MEAC,,fcs,#FF3630,#009cdd,http://a.espncdn.com/i/teamlogos/ncaa/500/2169.png,http://a.espncdn.com/i/teamlogos/ncaa/500-dark/2169.png,@DelSt_Football,Alumni Stadium,Dover,DE,FALSE,,,,,,,,,,
2181,Drake,Bulldogs,DRKE,DRKE,Drake,Pioneer,,fcs,#005596,#bec0c2,http://a.espncdn.com/i/teamlogos/ncaa/500/2181.png,http://a.espncdn.com/i/teamlogos/ncaa/500-dark/2181.png,@DrakeBulldogsFB,Drake Stadium,Des Moines,IA,FALSE,,,,,,,,,,
2184,Duquesne,Dukes,DUQ,DUQ,Duquesne,NEC,,fcs,#002D62,#b90b2e,http://a.espncdn.com/i/teamlogos/ncaa/500/2184.png,http://a.espncdn.com/i/teamlogos/ncaa/500-dark/2184.png,@DuqFB,Arthur J. Rooney Athletic Field,Pittsburgh,PA,FALSE,,,,,,,,,,
2197,Eastern Illinois,Panthers,EIU,EIU,E Illinois,Big South-OVC,,fcs,#null,#bebab9,http://a.espncdn.com/i/teamlogos/ncaa/500/2197.png,http://a.espncdn.com/i/teamlogos/ncaa/500-dark/2197.png,@EIUPantherFB,O'Brien Stadium,Charleston,IL,FALSE,,,,,,,,,,
2198,Eastern Kentucky,Colonels,EKU,EKU,E Kentucky,UAC,,fcs,#660819,#f0f0f0,http://a.espncdn.com/i/teamlogos/ncaa/500/2198.png,http://a.espncdn.com/i/teamlogos/ncaa/500-dark/2198.png,@EKUFootball,Roy Kidd Stadium,Richmond,KY,FALSE,,,,,,,,,,
331,Eastern Washington,Eagles,EWU,EWU,E Washington,Big Sky,,fcs,#a10022,#abb4bc,http://a.espncdn.com/i/teamlogos/ncaa/500/331.png,http://a.espncdn.com/i/teamlogos/ncaa/500-dark/331.png,@EWUFootball,Roos Field,Cheney,WA,FALSE,,,,,,,,,,
2193,East Tennessee State,Buccaneers,ETSU,ETSU,ETSU,Southern,,fcs,#002d61,#ffc423,http://a.espncdn.com/i/teamlogos/ncaa/500/2193.png,http://a.espncdn.com/i/teamlogos/ncaa/500-dark/2193.png,@ETSUFootball,William B. Greene Jr. Stadium,Johnson City,TN,FALSE,,,,,,,,,,
2837,East Texas A&M,Lions,ETAM,Texas A&M-Commerce,ETAM,Southland,,fcs,#null,#null,http://a.espncdn.com/i/teamlogos/ncaa/500/2837.png,http://a.espncdn.com/i/teamlogos/ncaa/500-dark/2837.png,,Memorial Stadium (Commerce TX),Commerce,TX,FALSE,,,,,,,,,,
2210,Elon,Phoenix,ELON,ELON,Elon,CAA,,fcs,#020303,#b59a57,http://a.espncdn.com/i/teamlogos/ncaa/500/2210.png,http://a.espncdn.com/i/teamlogos/ncaa/500-dark/2210.png,@ElonFootball,Rhodes Stadium,Elon,NC,FALSE,,,,,,,,,,
50,Florida A&M,Rattlers,FAMU,FAMU,Florida A&M,SWAC,East,fcs,#F89728,#00843d,http://a.espncdn.com/i/teamlogos/ncaa/500/50.png,http://a.espncdn.com/i/teamlogos/ncaa/500-dark/50.png,@FAMUAthletics,Bragg Memorial Stadium,Tallahassee,FL,FALSE,,,,,,,,,,
2230,Fordham,Rams,FOR,FOR,Fordham,Patriot,,fcs,#830032,#909090,http://a.espncdn.com/i/teamlogos/ncaa/500/2230.png,http://a.espncdn.com/i/teamlogos/ncaa/500-dark/2230.png,@FordhamFootball,Jack Coffey Field,Bronx,NY,FALSE,,,,,,,,,,
231,Furman,Paladins,FUR,FUR,Furman,Southern,,fcs,#582c83,#ffffff,http://a.espncdn.com/i/teamlogos/ncaa/500/231.png,http://a.espncdn.com/i/teamlogos/ncaa/500-dark/231.png,@PaladinFootball,Paladin Stadium,Greenville,SC,FALSE,,,,,,,,,,
2241,Gardner-Webb,Runnin' Bulldogs,GWEB,Gardner Webb,GWEB,Big South-OVC,,fcs,#c12535,#909090,http://a.espncdn.com/i/teamlogos/ncaa/500/2241.png,http://a.espncdn.com/i/teamlogos/ncaa/500-dark/2241.png,@GWUFootball,Ernest W. Spangler Stadium,Boiling Springs,NC,FALSE,,,,,,,,,,
46,Georgetown,Hoyas,GTWN,GTWN,Georgetown,Patriot,,fcs,#110E42,#001c58,http://a.espncdn.com/i/teamlogos/ncaa/500/46.png,http://a.espncdn.com/i/teamlogos/ncaa/500-dark/46.png,@HoyasFB,Cooper Field,Washington,DC,FALSE,,,,,,,,,,
2755,Grambling,Tigers,GRAM,Grambling State,GRAM,SWAC,West,fcs,#ee8601,#ffd10a,http://a.espncdn.com/i/teamlogos/ncaa/500/2755.png,http://a.espncdn.com/i/teamlogos/ncaa/500-dark/2755.png,@GSU_Tigers,Eddie Robinson Stadium,Grambling,LA,FALSE,,,,,,,,,,
2261,Hampton,Pirates,HAMP,HAMP,Hampton,CAA,,fcs,#0067AC,#null,http://a.espncdn.com/i/teamlogos/ncaa/500/2261.png,http://a.espncdn.com/i/teamlogos/ncaa/500-dark/2261.png,@Hampton_FB,Armstrong Stadium,Hampton,VA,FALSE,,,,,,,,,,
108,Harvard,Crimson,HARV,HARV,Harvard,Ivy,,fcs,#990000,#dbdbdb,http://a.espncdn.com/i/teamlogos/ncaa/500/108.png,http://a.espncdn.com/i/teamlogos/ncaa/500-dark/108.png,@HarvardFootball,Harvard Stadium,Boston,MA,FALSE,,,,,,,,,,
107,Holy Cross,Crusaders,HC,HC,Holy Cross,Patriot,,fcs,#0a0a0a,#080808,http://a.espncdn.com/i/teamlogos/ncaa/500/107.png,http://a.espncdn.com/i/teamlogos/ncaa/500-dark/107.png,@HCrossFB,Fitton Field,Worcester,MA,FALSE,,,,,,,,,,
2277,Houston Christian,Huskies,HCU,Houston Baptist,HCU,Southland,,fcs,#00539c,#null,http://a.espncdn.com/i/teamlogos/ncaa/500/2277.png,http://a.espncdn.com/i/teamlogos/ncaa/500-dark/2277.png,@HCUFootball,Husky Stadium,Houston,TX,FALSE,,,,,,,,,,
47,Howard,Bison,HOW,HOW,Howard,MEAC,,fcs,#003a63,#e51937,http://a.espncdn.com/i/teamlogos/ncaa/500/47.png,http://a.espncdn.com/i/teamlogos/ncaa/500-dark/47.png,@HUBisonFootball,William H. Greene Stadium,Washington,DC,FALSE,,,,,,,,,,
70,Idaho,Vandals,IDHO,IDHO,Idaho,Big Sky,,fcs,#null,#8c6e4a,http://a.espncdn.com/i/teamlogos/ncaa/500/70.png,http://a.espncdn.com/i/teamlogos/ncaa/500-dark/70.png,@VandalFootball,Kibbie Dome,Moscow,ID,FALSE,,,,,,,,,,
304,Idaho State,Bengals,IDST,IDST,Idaho St,Big Sky,,fcs,#ef8c00,#e9a126,http://a.espncdn.com/i/teamlogos/ncaa/500/304.png,http://a.espncdn.com/i/teamlogos/ncaa/500-dark/304.png,@IdahoStateFB,Holt Arena,Pocatello,ID,FALSE,,,,,,,,,,
2287,Illinois State,Redbirds,ILST,ILST,Illinois St,MVFC,,fcs,#CE1126,#ffe716,http://a.espncdn.com/i/teamlogos/ncaa/500/2287.png,http://a.espncdn.com/i/teamlogos/ncaa/500-dark/2287.png,@RedbirdFB,Hancock Stadium,Normal,IL,FALSE,,,,,,,,,,
2916,Incarnate Word,Cardinals,UIW,UIW,Incarnate Word,Southland,,fcs,#null,#080808,http://a.espncdn.com/i/teamlogos/ncaa/500/2916.png,http://a.espncdn.com/i/teamlogos/ncaa/500-dark/2916.png,@UIWFootball,Gayle and Tom Benson Stadium,San Antonio,TX,FALSE,,,,,,,,,,
282,Indiana State,Sycamores,INST,INST,Indiana St,MVFC,,fcs,#00669a,#f0f0f0,http://a.espncdn.com/i/teamlogos/ncaa/500/282.png,http://a.espncdn.com/i/teamlogos/ncaa/500-dark/282.png,@IndianaStateFB,Memorial Stadium,Terre Haute,IN,FALSE,,,,,,,,,,
2296,Jackson State,Tigers,JKST,JKST,Jackson St,SWAC,East,fcs,#123297,#b5b7ba,http://a.espncdn.com/i/teamlogos/ncaa/500/2296.png,http://a.espncdn.com/i/teamlogos/ncaa/500-dark/2296.png,@GoJSUTigersFB,Mississippi Veterans Memorial Stadium,Jackson,MS,FALSE,,,,,,,,,,
322,Lafayette,Leopards,LAF,LAF,Lafayette,Patriot,,fcs,#790000,#a59474,http://a.espncdn.com/i/teamlogos/ncaa/500/322.png,http://a.espncdn.com/i/teamlogos/ncaa/500-dark/322.png,@LafColFootball,Fisher Field,Easton,PA,FALSE,,,,,,,,,,
2320,Lamar,Cardinals,LAM,LAM,Lamar,Southland,,fcs,#null,#ebebeb,http://a.espncdn.com/i/teamlogos/ncaa/500/2320.png,http://a.espncdn.com/i/teamlogos/ncaa/500-dark/2320.png,@LamarFootball,Provost Umphrey Stadium,Beaumont,TX,FALSE,,,,,,,,,,
2329,Lehigh,Mountain Hawks,LEH,LEH,Lehigh,Patriot,,fcs,#6c2b2a,#b69e70,http://a.espncdn.com/i/teamlogos/ncaa/500/2329.png,http://a.espncdn.com/i/teamlogos/ncaa/500-dark/2329.png,@LehighFootball,Goodman Stadium,Bethlehem,PA,FALSE,,,,,,,,,,
2815,Lindenwood,Lions,LIN,LIN,Lindenwood,Big South-OVC,,fcs,#null,#null,http://a.espncdn.com/i/teamlogos/ncaa/500/2815.png,http://a.espncdn.com/i/teamlogos/ncaa/500-dark/2815.png,@LindenwoodFB,Hunter Stadium,Saint Charles,MO,FALSE,,,,,,,,,,
2341,Long Island University,Sharks,LIU,LIU,Long Island,NEC,,fcs,#null,#null,https://a.espncdn.com/i/teamlogos/ncaa/500/112358.png,,,,,,FALSE,,,,,,,,,,
311,Maine,Black Bears,ME,ME,Maine,CAA,,fcs,#127dbe,#null,http://a.espncdn.com/i/teamlogos/ncaa/500/311.png,http://a.espncdn.com/i/teamlogos/ncaa/500-dark/311.png,@BlackBearsFB,Alfond Stadium,Orono,ME,FALSE,,,,,,,,,,
2368,Marist,Red Foxes,MRST,MRST,Marist,Pioneer,,fcs,#e53730,#f0f0f0,http://a.espncdn.com/i/teamlogos/ncaa/500/2368.png,http://a.espncdn.com/i/teamlogos/ncaa/500-dark/2368.png,@Marist_Football,Leonidoff Field,Poughkeepsie,NY,FALSE,,,,,,,,,,
2377,McNeese,Cowboys,MCN,MCN,McNeese,Southland,,fcs,#00529C,#null,http://a.espncdn.com/i/teamlogos/ncaa/500/2377.png,http://a.espncdn.com/i/teamlogos/ncaa/500-dark/2377.png,@McNeeseFootball,Cowboy Stadium,Lake Charles,LA,FALSE,,,,,,,,,,
2382,Mercer,Bears,MER,MER,Mercer,Southern,,fcs,#ff7f29,#080808,http://a.espncdn.com/i/teamlogos/ncaa/500/2382.png,http://a.espncdn.com/i/teamlogos/ncaa/500-dark/2382.png,@MercerFootball,Five Star Stadium at the Moye Complex,Macon,GA,FALSE,,,,,,,,,,
2385,Mercyhurst,Lakers,MERC,MERC,Mercyhurst,NEC,,fcs,#null,#null,http://a.espncdn.com/i/teamlogos/ncaa/500/2385.png,http://a.espncdn.com/i/teamlogos/ncaa/500-dark/2385.png,,Saxon Stadium,Erie,PA,FALSE,,,,,,,,,,
2771,Merrimack,Warriors,MRMK,MRMK,Merrimack,FCS Independents,,fcs,#null,#null,http://a.espncdn.com/i/teamlogos/ncaa/500/2771.png,http://a.espncdn.com/i/teamlogos/ncaa/500-dark/2771.png,@MerrimackFB,Duane Stadium,North Andover,MA,FALSE,,,,,,,,,,
2400,Mississippi Valley State,Delta Devils,MVSU,MVSU,Miss Valley St,SWAC,East,fcs,#005328,#cf2d34,http://a.espncdn.com/i/teamlogos/ncaa/500/2400.png,http://a.espncdn.com/i/teamlogos/ncaa/500-dark/2400.png,@MSValleyFB,Rice-Totten Field,Itta Bena,MS,FALSE,,,,,,,,,,
2405,Monmouth,Hawks,MONM,Monmouth NJ,MONM,CAA,,fcs,#051844,#null,http://a.espncdn.com/i/teamlogos/ncaa/500/2405.png,http://a.espncdn.com/i/teamlogos/ncaa/500-dark/2405.png,@MUHawksFB,Kessler Stadium,West Long Branch,NJ,FALSE,,,,,,,,,,
149,Montana,Grizzlies,MONT,MONT,Montana,Big Sky,,fcs,#751D4A,#666666,http://a.espncdn.com/i/teamlogos/ncaa/500/149.png,http://a.espncdn.com/i/teamlogos/ncaa/500-dark/149.png,@MontanaGrizFB,Washington-Grizzly Stadium,Missoula,MT,FALSE,,,,,,,,,,
147,Montana State,Bobcats,MTST,MTST,Montana St,Big Sky,,fcs,#00205c,#bc955c,http://a.espncdn.com/i/teamlogos/ncaa/500/147.png,http://a.espncdn.com/i/teamlogos/ncaa/500-dark/147.png,@MSUBobcatsFB,Bobcat Stadium,Bozeman,MT,FALSE,,,,,,,,,,
2413,Morehead State,Eagles,MORE,MORE,Morehead St,Pioneer,,fcs,#094FA3,#fed91a,http://a.espncdn.com/i/teamlogos/ncaa/500/2413.png,http://a.espncdn.com/i/teamlogos/ncaa/500-dark/2413.png,@MSUEaglesFB,Jayne Stadium,Morehead,KY,FALSE,,,,,,,,,,
2415,Morgan State,Bears,MORG,MORG,Morgan St,MEAC,,fcs,#014786,#f47937,http://a.espncdn.com/i/teamlogos/ncaa/500/2415.png,http://a.espncdn.com/i/teamlogos/ncaa/500-dark/2415.png,@MorganStateFB,Hughes Stadium,Baltimore,MD,FALSE,,,,,,,,,,
93,Murray State,Racers,MUR,MUR,Murray St,MVFC,,fcs,#002148,#000e00,http://a.espncdn.com/i/teamlogos/ncaa/500/93.png,http://a.espncdn.com/i/teamlogos/ncaa/500-dark/93.png,@RacersFootball,Roy Stewart Stadium,Murray,KY,FALSE,,,,,,,,,,
160,New Hampshire,Wildcats,UNH,UNH,New Hampshire,CAA,,fcs,#004990,#c3c4c6,http://a.espncdn.com/i/teamlogos/ncaa/500/160.png,http://a.espncdn.com/i/teamlogos/ncaa/500-dark/160.png,@UNH_Football,Wildcat Stadium,Durham,NH,FALSE,,,,,,,,,,
2441,New Haven,Chargers,NH,NH,New Haven,NEC,,fcs,#null,#null,http://a.espncdn.com/i/teamlogos/ncaa/500/2441.png,http://a.espncdn.com/i/teamlogos/ncaa/500-dark/2441.png,,Ralph F. DellaCamera Stadium,West Haven,CT,FALSE,,,,,,,,,,
2447,Nicholls,Colonels,NICH,NICH,Nicholls,Southland,,fcs,#C41230,#f0f0f0,http://a.espncdn.com/i/teamlogos/ncaa/500/2447.png,http://a.espncdn.com/i/teamlogos/ncaa/500-dark/2447.png,@Nicholls_FB,Manning Field at John L. Guidry Stadium,Thibodaux,LA,FALSE,,,,,,,,,,
2450,Norfolk State,Spartans,NORF,NORF,Norfolk St,MEAC,,fcs,#0c8968,#fdb813,http://a.espncdn.com/i/teamlogos/ncaa/500/2450.png,http://a.espncdn.com/i/teamlogos/ncaa/500-dark/2450.png,@NSU_FB,"William Dick"""" Price Stadium""""",Norfolk,VA,FALSE,,,,,,,,,,
2453,North Alabama,Lions,UNA,UNA,North Alabama,UAC,,fcs,#null,#null,http://a.espncdn.com/i/teamlogos/ncaa/500/2453.png,http://a.espncdn.com/i/teamlogos/ncaa/500-dark/2453.png,@UNAFootball,Braly Municipal Stadium,Florence,AL,FALSE,,,,,,,,,,
2448,North Carolina A&T,Aggies,NCAT,NCAT,NC A&T,CAA,,fcs,#0505aa,#004684,http://a.espncdn.com/i/teamlogos/ncaa/500/2448.png,http://a.espncdn.com/i/teamlogos/ncaa/500-dark/2448.png,@Football_NCAT,Aggie Stadium,Greensboro,NC,FALSE,,,,,,,,,,
2428,North Carolina Central,Eagles,NCCU,NCCU,NC Central,MEAC,,fcs,#880023,#c2c3c0,http://a.espncdn.com/i/teamlogos/ncaa/500/2428.png,http://a.espncdn.com/i/teamlogos/ncaa/500-dark/2428.png,@NCCU_Football,O'Kelly-Riddick Stadium,Durham,NC,FALSE,,,,,,,,,,
155,North Dakota,Fighting Hawks,UND,UND,North Dakota,MVFC,,fcs,#00A26B,#c2c3c0,http://a.espncdn.com/i/teamlogos/ncaa/500/155.png,http://a.espncdn.com/i/teamlogos/ncaa/500-dark/155.png,@UNDFootball,Alerus Center,Grand Forks,ND,FALSE,,,,,,,,,,
2449,North Dakota State,Bison,NDSU,NDSU,N Dakota St,MVFC,,fcs,#01402A,#ffffff,http://a.espncdn.com/i/teamlogos/ncaa/500/2449.png,http://a.espncdn.com/i/teamlogos/ncaa/500-dark/2449.png,@NDSUFootball,Fargodome,Fargo,ND,FALSE,,,,,,,,,,
2464,Northern Arizona,Lumberjacks,NAU,NAU,N Arizona,Big Sky,,fcs,#003976,#1b3069,http://a.espncdn.com/i/teamlogos/ncaa/500/2464.png,http://a.espncdn.com/i/teamlogos/ncaa/500-dark/2464.png,@NAU_Football,Walkup Skydome,Flagstaff,AZ,FALSE,,,,,,,,,,
2458,Northern Colorado,Bears,UNCO,UNCO,N Colorado,Big Sky,,fcs,#13558D,#ffc533,http://a.espncdn.com/i/teamlogos/ncaa/500/2458.png,http://a.espncdn.com/i/teamlogos/ncaa/500-dark/2458.png,@UNCBearsFB,Nottingham Field,Greeley,CO,FALSE,,,,,,,,,,
2460,Northern Iowa,Panthers,UNI,UNI,Northern Iowa,MVFC,,fcs,#473282,#ffffff,http://a.espncdn.com/i/teamlogos/ncaa/500/2460.png,http://a.espncdn.com/i/teamlogos/ncaa/500-dark/2460.png,@UNIFootball,UNI-Dome,Cedar Falls,IA,FALSE,,,,,,,,,,
2466,Northwestern State,Demons,NWST,NWST,N'Western St,Southland,,fcs,#492F91,#ed6118,http://a.espncdn.com/i/teamlogos/ncaa/500/2466.png,http://a.espncdn.com/i/teamlogos/ncaa/500-dark/2466.png,@NSUDemonsFB,Harry Turpin Stadium,Natchitoches,LA,FALSE,,,,,,,,,,
219,Pennsylvania,Quakers,PENN,PENN,Penn,Ivy,,fcs,#082A74,#a6163d,http://a.espncdn.com/i/teamlogos/ncaa/500/219.png,http://a.espncdn.com/i/teamlogos/ncaa/500-dark/219.png,@PENNfb,Franklin Field,Philadelphia,PA,FALSE,,,,,,,,,,
2502,Portland State,Vikings,PRST,PRST,Portland St,Big Sky,,fcs,#00311e,#ebebeb,http://a.espncdn.com/i/teamlogos/ncaa/500/2502.png,http://a.espncdn.com/i/teamlogos/ncaa/500-dark/2502.png,@PSUViksFB,Hillsboro Stadium,Portland,OR,FALSE,,,,,,,,,,
2504,Prairie View A&M,Panthers,PV,PV,Prairie View,SWAC,West,fcs,#4d0960,#null,http://a.espncdn.com/i/teamlogos/ncaa/500/2504.png,http://a.espncdn.com/i/teamlogos/ncaa/500-dark/2504.png,@PVAMU_Football,Panther Stadium,Prairie View,TX,FALSE,,,,,,,,,,
2506,Presbyterian,Blue Hose,PRES,PRES,Presbyterian,Pioneer,,fcs,#194896,#990134,http://a.espncdn.com/i/teamlogos/ncaa/500/2506.png,http://a.espncdn.com/i/teamlogos/ncaa/500-dark/2506.png,@BlueHoseFtball,Bailey Memorial Stadium,Clinton,SC,FALSE,,,,,,,,,,
163,Princeton,Tigers,PRIN,PRIN,Princeton,Ivy,,fcs,#null,#ff6000,http://a.espncdn.com/i/teamlogos/ncaa/500/163.png,http://a.espncdn.com/i/teamlogos/ncaa/500-dark/163.png,@PUTigerFootball,Princeton University Stadium,Princeton,NJ,FALSE,,,,,,,,,,
227,Rhode Island,Rams,URI,URI,Rhode Island,CAA,,fcs,#091f3f,#5ab3e8,http://a.espncdn.com/i/teamlogos/ncaa/500/227.png,http://a.espncdn.com/i/teamlogos/ncaa/500-dark/227.png,@RhodyFootball,Meade Stadium,Kingston,RI,FALSE,,,,,,,,,,
257,Richmond,Spiders,RICH,RICH,Richmond,Patriot,,fcs,#9e0712,#b90b2e,http://a.espncdn.com/i/teamlogos/ncaa/500/257.png,http://a.espncdn.com/i/teamlogos/ncaa/500-dark/257.png,@SpiderFootball,E. Claiborne Robins Stadium,Richmond,VA,FALSE,,,,,,,,,,
2523,Robert Morris,Colonials,RMU,RMU,Robert Morris,NEC,,fcs,#00214D,#a21d2b,http://a.espncdn.com/i/teamlogos/ncaa/500/2523.png,http://a.espncdn.com/i/teamlogos/ncaa/500-dark/2523.png,@RMUFootball,Joe Walton Stadium,Moon Township,PA,FALSE,,,,,,,,,,
16,Sacramento State,Hornets,SAC,Cal State Sacramento,SAC,Big Sky,,fcs,#00573C,#cdb97d,http://a.espncdn.com/i/teamlogos/ncaa/500/16.png,http://a.espncdn.com/i/teamlogos/ncaa/500-dark/16.png,@SacHornetsFB,Hornet Stadium,Sacramento,CA,FALSE,,,,,,,,,,
2529,Sacred Heart,Pioneers,SHU,SHU,Sacred Heart,FCS Independents,,fcs,#a40012,#c29472,http://a.espncdn.com/i/teamlogos/ncaa/500/2529.png,http://a.espncdn.com/i/teamlogos/ncaa/500-dark/2529.png,@SHU__Football,Campus Field,Fairfield,CT,FALSE,,,,,,,,,,
2535,Samford,Bulldogs,SAM,SAM,Samford,Southern,,fcs,#005485,#bc0023,http://a.espncdn.com/i/teamlogos/ncaa/500/2535.png,http://a.espncdn.com/i/teamlogos/ncaa/500-dark/2535.png,@SamfordFootball,Seibert Stadium,Homewood,AL,FALSE,,,,,,,,,,
301,San Diego,Toreros,USD,USD,San Diego,Pioneer,,fcs,#2f99d4,#2f99d4,http://a.espncdn.com/i/teamlogos/ncaa/500/301.png,http://a.espncdn.com/i/teamlogos/ncaa/500-dark/301.png,@USDFootball,Torero Stadium,San Diego,CA,FALSE,,,,,,,,,,
2545,SE Louisiana,Lions,SELA,Southeast Louisiana,SELA,Southland,,fcs,#215732,#ffc72c,http://a.espncdn.com/i/teamlogos/ncaa/500/2545.png,http://a.espncdn.com/i/teamlogos/ncaa/500-dark/2545.png,@SLUFootball,Strawberry Stadium,Hammond,LA,FALSE,,,,,,,,,,
2569,South Carolina State,Bulldogs,SCST,SCST,SC State,MEAC,,fcs,#7d1315,#104897,http://a.espncdn.com/i/teamlogos/ncaa/500/2569.png,http://a.espncdn.com/i/teamlogos/ncaa/500-dark/2569.png,@SCState_FB,Oliver C. Dawson Stadium,Orangeburg,SC,FALSE,,,,,,,,,,
233,South Dakota,Coyotes,SDAK,SDAK,South Dakota,MVFC,,fcs,#CD1241,#f0f0f0,http://a.espncdn.com/i/teamlogos/ncaa/500/233.png,http://a.espncdn.com/i/teamlogos/ncaa/500-dark/233.png,@SDCoyotesFB,DakotaDome,Vermillion,SD,FALSE,,,,,,,,,,
2571,South Dakota State,Jackrabbits,SDST,SDST,S Dakota St,MVFC,,fcs,#0033a0,#ffd100,http://a.espncdn.com/i/teamlogos/ncaa/500/2571.png,http://a.espncdn.com/i/teamlogos/ncaa/500-dark/2571.png,@GoJacksFB,Dana J. Dykhouse Stadium,Brookings,SD,FALSE,,,,,,,,,,
2546,Southeast Missouri State,Redhawks,SEMO,Southeast Missouri,SEMO,Big South-OVC,,fcs,#c8102e,#000000,http://a.espncdn.com/i/teamlogos/ncaa/500/2546.png,http://a.espncdn.com/i/teamlogos/ncaa/500-dark/2546.png,@SEMOFootball,Houck Field,Cape Girardeau,MO,FALSE,,,,,,,,,,
2582,Southern,Jaguars,SOU,SOU,Southern,SWAC,West,fcs,#004B97,#ffc82d,http://a.espncdn.com/i/teamlogos/ncaa/500/2582.png,http://a.espncdn.com/i/teamlogos/ncaa/500-dark/2582.png,@SouthernUsports,Ace W. Mumford Stadium,Baton Rouge,LA,FALSE,,,,,,,,,,
79,Southern Illinois,Salukis,SIU,SIU,S Illinois,MVFC,,fcs,#85283D,#c2c3c0,http://a.espncdn.com/i/teamlogos/ncaa/500/79.png,http://a.espncdn.com/i/teamlogos/ncaa/500-dark/79.png,@SIU_Football,Saluki Stadium,Carbondale,IL,FALSE,,,,,,,,,,
253,Southern Utah,Thunderbirds,SUU,SUU,Southern Utah,UAC,,fcs,#c72026,#000000,http://a.espncdn.com/i/teamlogos/ncaa/500/253.png,http://a.espncdn.com/i/teamlogos/ncaa/500-dark/253.png,@SUUFB,Eccles Coliseum,Cedar City,UT,FALSE,,,,,,,,,,
2617,Stephen F. Austin,Lumberjacks,SFA,Stephen F Austin,SFA,Southland,,fcs,#393996,#bec0c2,http://a.espncdn.com/i/teamlogos/ncaa/500/2617.png,http://a.espncdn.com/i/teamlogos/ncaa/500-dark/2617.png,@SFA_Football,Homer Bryce Stadium,Nacogdoches,TX,FALSE,,,,,,,,,,
56,Stetson,Hatters,STET,STET,Stetson,Pioneer,,fcs,#0a5640,#56854e,http://a.espncdn.com/i/teamlogos/ncaa/500/56.png,http://a.espncdn.com/i/teamlogos/ncaa/500-dark/56.png,@StetsonFootball,Spec Martin Municipal Stadium,DeLand,FL,FALSE,,,,,,,,,,
2598,St. Francis (PA),Red Flash,SFPA,St. Francis PA,SFPA,NEC,,fcs,#a20012,#null,http://a.espncdn.com/i/teamlogos/ncaa/500/2598.png,http://a.espncdn.com/i/teamlogos/ncaa/500-dark/2598.png,@RedFlashFB,DeGol Field,Loretto,PA,FALSE,,,,,,,,,,
284,Stonehill,Skyhawks,STO,STO,Stonehill,NEC,,fcs,#null,#null,http://a.espncdn.com/i/teamlogos/ncaa/500/284.png,http://a.espncdn.com/i/teamlogos/ncaa/500-dark/284.png,@StonehillFB,W.B. Mason Stadium,North Easton,MA,FALSE,,,,,,,,,,
2619,Stony Brook,Seawolves,STBK,STBK,Stony Brook,CAA,,fcs,#990000,#null,http://a.espncdn.com/i/teamlogos/ncaa/500/2619.png,http://a.espncdn.com/i/teamlogos/ncaa/500-dark/2619.png,@StonyBrookFB,Kenneth P. LaValle Stadium,Stony Brook,NY,FALSE,,,,,,,,,,
2900,St. Thomas (MN),Tommies,STMN,St Thomas MN,STMN,Pioneer,,fcs,#null,#null,http://a.espncdn.com/i/teamlogos/ncaa/500/2900.png,http://a.espncdn.com/i/teamlogos/ncaa/500-dark/2900.png,@UST_Football,O'Shaughnessy Stadium,Saint Paul,MN,FALSE,,,,,,,,,,
2627,Tarleton State,Texans,TAR,TAR,Tarleton St,UAC,,fcs,#null,#null,http://a.espncdn.com/i/teamlogos/ncaa/500/2627.png,http://a.espncdn.com/i/teamlogos/ncaa/500-dark/2627.png,@TarletonFB,"Memorial Stadium (Stephenville, TX)",Stephenville,TX,FALSE,,,,,,,,,,
2634,Tennessee State,Tigers,TNST,TNST,Tennessee St,Big South-OVC,,fcs,#171796,#f0f0f0,http://a.espncdn.com/i/teamlogos/ncaa/500/2634.png,http://a.espncdn.com/i/teamlogos/ncaa/500-dark/2634.png,@TSU_Football,Nissan Stadium,Nashville,TN,FALSE,,,,,,,,,,
2635,Tennessee Tech,Golden Eagles,TNTC,TNTC,Tennessee Tech,Big South-OVC,,fcs,#5A4099,#ffde00,http://a.espncdn.com/i/teamlogos/ncaa/500/2635.png,http://a.espncdn.com/i/teamlogos/ncaa/500-dark/2635.png,@TNTechFootball,Tucker Stadium,Cookeville,TN,FALSE,,,,,,,,,,
2640,Texas Southern,Tigers,TXSO,TXSO,Texas Southern,SWAC,West,fcs,#860038,#ffffff,http://a.espncdn.com/i/teamlogos/ncaa/500/2640.png,http://a.espncdn.com/i/teamlogos/ncaa/500-dark/2640.png,@TSUFootball,BBVA Compass Stadium,Houston,TX,FALSE,,,,,,,,,,
2643,The Citadel,Bulldogs,CIT,CIT,The Citadel,Southern,,fcs,#002b5c,#f0f0f0,http://a.espncdn.com/i/teamlogos/ncaa/500/2643.png,http://a.espncdn.com/i/teamlogos/ncaa/500-dark/2643.png,@CitadelFootball,Johnson Hagood Stadium,Charleston,SC,FALSE,,,,,,,,,,
119,Towson,Tigers,TOW,TOW,Towson,CAA,,fcs,#FFC229,#null,http://a.espncdn.com/i/teamlogos/ncaa/500/119.png,http://a.espncdn.com/i/teamlogos/ncaa/500-dark/119.png,@Towson_FB,Johnny Unitas Stadium,Towson,MD,FALSE,,,,,,,,,,
399,UAlbany,Great Danes,ALB,SUNY Albany,ALB,CAA,,fcs,#3D2777,#ffffff,http://a.espncdn.com/i/teamlogos/ncaa/500/399.png,http://a.espncdn.com/i/teamlogos/ncaa/500-dark/399.png,@UAlbanyFootball,Bob Ford Field,Albany,NY,FALSE,,,,,,,,,,
302,UC Davis,Aggies,UCD,California-Davis,UCD,Big Sky,,fcs,#002855,#c3c4c6,http://a.espncdn.com/i/teamlogos/ncaa/500/302.png,http://a.espncdn.com/i/teamlogos/ncaa/500-dark/302.png,@UCDfootball,Aggie Stadium,Davis,CA,FALSE,,,,,,,,,,
3101,Utah Tech,Trailblazers,UTU,Dixie State,UTU,UAC,,fcs,#null,#null,http://a.espncdn.com/i/teamlogos/ncaa/500/3101.png,http://a.espncdn.com/i/teamlogos/ncaa/500-dark/3101.png,@UtahTechFB,Greater Zion Stadium,Saint George,UT,FALSE,,,,,,,,,,
2630,UT Martin,Skyhawks,UTM,Tennessee Martin,UTM,Big South-OVC,,fcs,#FF6700,#102a5c,http://a.espncdn.com/i/teamlogos/ncaa/500/2630.png,http://a.espncdn.com/i/teamlogos/ncaa/500-dark/2630.png,@UTM_FOOTBALL,Graham Stadium,Martin,TN,FALSE,,,,,,,,,,
2674,Valparaiso,Beacons,VAL,VAL,Valparaiso,Pioneer,,fcs,#794500,#null,http://a.espncdn.com/i/teamlogos/ncaa/500/2674.png,http://a.espncdn.com/i/teamlogos/ncaa/500-dark/2674.png,@ValpoUFootball,Brown Field,Valparaiso,IN,FALSE,,,,,,,,,,
222,Villanova,Wildcats,VILL,VILL,Villanova,CAA,,fcs,#00205b,#13b5ea,http://a.espncdn.com/i/teamlogos/ncaa/500/222.png,http://a.espncdn.com/i/teamlogos/ncaa/500-dark/222.png,@NovaFootball,Villanova Stadium,Villanova,PA,FALSE,,,,,,,,,,
2678,VMI,Keydets,VMI,Virginia Military Institute,VMI,Southern,,fcs,#E52D37,#eec52b,http://a.espncdn.com/i/teamlogos/ncaa/500/2678.png,http://a.espncdn.com/i/teamlogos/ncaa/500-dark/2678.png,@VMI_Football,Alumni Memorial Field,Lexington,VA,FALSE,,,,,,,,,,
2681,Wagner,Seahawks,WAG,WAG,Wagner,NEC,,fcs,#00483A,#ffffff,http://a.espncdn.com/i/teamlogos/ncaa/500/2681.png,http://a.espncdn.com/i/teamlogos/ncaa/500-dark/2681.png,@Wagner_Football,Wagner College Stadium,Staten Island,NY,FALSE,,,,,,,,,,
2692,Weber State,Wildcats,WEB,WEB,Weber St,Big Sky,,fcs,#18005a,#ebebeb,http://a.espncdn.com/i/teamlogos/ncaa/500/2692.png,http://a.espncdn.com/i/teamlogos/ncaa/500-dark/2692.png,@WeberStateFB,Stewart Stadium,Ogden,UT,FALSE,,,,,,,,,,
2717,Western Carolina,Catamounts,WCU,WCU,W Carolina,Southern,,fcs,#492F91,#bf9e70,http://a.espncdn.com/i/teamlogos/ncaa/500/2717.png,http://a.espncdn.com/i/teamlogos/ncaa/500-dark/2717.png,@WCU_FB,E. J. Whitmire Stadium,Cullowhee,NC,FALSE,,,,,,,,,,
2710,Western Illinois,Leathernecks,WIU,WIU,W Illinois,Big South-OVC,,fcs,#4e1e8a,#ffc90a,http://a.espncdn.com/i/teamlogos/ncaa/500/2710.png,http://a.espncdn.com/i/teamlogos/ncaa/500-dark/2710.png,@WIUFootball,Hanson Field,Macomb,IL,FALSE,,,,,,,,,,
2698,West Georgia,Wolves,WGA,WGA,West Georgia,UAC,,fcs,#0033a1,#db1a21,http://a.espncdn.com/i/teamlogos/ncaa/500/2698.png,http://a.espncdn.com/i/teamlogos/ncaa/500-dark/2698.png,,University Stadium (GA),Carrollton,GA,FALSE,,,,,,,,,,
2729,William & Mary,Tribe,W&M,W&M,William & Mary,CAA,,fcs,#103217,#f6b220,http://a.espncdn.com/i/teamlogos/ncaa/500/2729.png,http://a.espncdn.com/i/teamlogos/ncaa/500-dark/2729.png,@WMTribeFootball,Zable Stadium,Williamsburg,VA,FALSE,,,,,,,,,,
2747,Wofford,Terriers,WOF,WOF,Wofford,Southern,,fcs,#533B23,#f0f0f0,http://a.espncdn.com/i/teamlogos/ncaa/500/2747.png,http://a.espncdn.com/i/teamlogos/ncaa/500-dark/2747.png,@Wofford_FB,Gibbs Stadium,Spartanburg,SC,FALSE,,,,,,,,,,
43,Yale,Bulldogs,YALE,YALE,Yale,Ivy,,fcs,#004a81,#286dc0,http://a.espncdn.com/i/teamlogos/ncaa/500/43.png,http://a.espncdn.com/i/teamlogos/ncaa/500-dark/43.png,@Yale_Football,Yale Bowl,New Haven,CT,FALSE,,,,,,,,,,
2754,Youngstown State,Penguins,YSU,YSU,Youngstown St,MVFC,,fcs,#E51936,#690717,http://a.espncdn.com/i/teamlogos/ncaa/500/2754.png,http://a.espncdn.com/i/teamlogos/ncaa/500-dark/2754.png,@YoungstownStFB,Stambaugh Stadium,Youngstown,OH,FALSE,,,,,,,,,,